code;name;classification;emballage
0000;MARCHANDISES EMBALLEES EN QUANTITE LIMITEE;XX; 
0012;CARTOUCHES A PROJECTILE INERTE POUR ARME OU CARTOUCHE POUR ARMES DE PETIT CALIBRE;1.4S;
0014;CARTOUCHES A BLANC POUR ARMES ou CARTOUCHES A BLANC POUR ARMES DE PETIT CALIBRE ou CARTOUCHES A BLANC POUR OUTILS;1.4S;
1001;ACÉTYLÈNE DISSOUS;4F;
1002;AIR COMPRIMÉ;1A; 
1006;ARGON COMPRIMÉ;1A; 
1009;BROMOTRIFLUORO-MÉTHANE (GAZ RÉFRIGÉRANT R 13B1);2A; 
1013;DIOXYDE DE CARBONE;2A; 
1018;CHLORODIFLUORO-MÉTHANE (GAZ RÉFRIGÉRANT R 22);2A; 
1020;CHLOROPENTAFLUOR-ÉTHANE (GAZ RÉFRIGÉRANT R 115);2A; 
1021;CHLORO-1 TÉTRAFLUORO-1222 ÉTHANE (GAZ RÉFRIGÉRANT R 124);2A; 
1022;CHLOROTRIFLUORO-MÉTHANE (GAZ RÉFRIGÉRANT R 13);2A; 
1028;DICHLORODIFLUORO-MÉTHANE (GAZ RÉFRIGÉRANT R 12);2A; 
1029;DICHLOROFLUORO-MÉTHANE (GAZ RÉFRIGÉRANT R 21);2A; 
1043;ENGRAIS EN SOLUTION contenant de l'ammoniac non combiné;4A; 
1044;EXTINCTEURS contenant un gaz comprimé ou liquéfié;6A; 
1046;HÉLIUM COMPRIMÉ;1A; 
1056;KRYPTON COMPRIMÉ;1A; 
1057;BRIQUETS;6F; 
1057;RECHARGES POUR BRIQUETS;6F; 
1058;GAZ LIQUÉFIÉS ininflammables additionnés d'azote de dioxyde de carbone ou d'air;2A; 
1065;NÉON COMPRIMÉ;1A; 
1066;AZOTE COMPRIMÉ;1A; 
1072;OXYGÈNE COMPRIMÉ;1O;
1078;GAZ FRIGORIFIQUE N.S.A. (GAS RÉFRIGÉRANT N.S.A.) comme le mélange F1 le mélange F2 le mélange F3;2A; 
1080;HEXAFLUORURE DE SOUFRE;2A; 
1088;ACÉTAL;F1;2
1090;ACÉTONE;F1;2
1091;HUILES D'ACÉTONE;F1;2
1104;ACÉTATES D'AMYLE;F1;3
1105;PENTANOLS;F1;2
1105;PENTANOLS;F1;3
1106;AMYLAMINES;FC;2
1106;AMYLAMINES;FC;3
1107;CHLORURES D'AMYLE;F1;2
1109;FORMIATES D'AMYLE;F1;3
1110;n-AMYLMÉTHYLCÉTONE;F1;3
1111;MERCAPTAN AMYLIQUE;F1;2
1112;NITRATES D'AMYLE;F1;3
1113;NITRITES D'AMYLE;F1;2
1114;BENZÈNE;F1;2
1120;BUTANOLS;F1;2
1120;BUTANOLS;F1;3
1123;ACÉTATES DE BUTYLE;F1;2
1123;ACÉTATES DE BUTYLE;F1;3
1125;n-BUTYLAMINE;FC;2
1126;1-BROMOBUTANE;F1;2
1127;CHLOROBUTANES;F1;2
1128;FORMIATE DE n-BUTYLE;F1;2
1129;BUTYRALDÉHYDE;F1;2
1130;HUILE DE CAMPHRE;F1;3
1133;ADHÉSIFS contenant un liquide inflammable;F1;1
1133;ADHÉSIFS contenant un liquide inflammable;F1;3
1133;ADHÉSIFS contenant un liquide inflammable (ayant un point d¿éclair inférieur à 23 °C et visqueux selon 2.2.3.1.4) (pression de vapeur à 50 °C inférieure ou égale à 110 kPa);F1;3
1133;ADHÉSIFS contenant un liquide inflammable (ayant un point d¿éclair inférieur à 23 °C et visqueux selon 2.2.3.1.4) (pression de vapeur à 50 °C supérieure à 110 kPa, point d'ébullition supérieur à 35 °C);F1;3
1133;ADHÉSIFS contenant un liquide inflammable (pression de vapeur à 50 °C inférieure ou égale à 110 kPa);F1;2
1133;ADHÉSIFS contenant un liquide inflammable (pression de vapeur à 50 °C supérieure à 110 kPa);F1;2
1134;CHLOROBENZÈNE;F1;3
1136;DISTILLATS DE GOUDRON DE HOUILLE INFLAMMABLES;F1;2
1136;DISTILLATS DE GOUDRON DE HOUILLE INFLAMMABLES;F1;3
1139;SOLUTION D'ENROBAGE (traitements de surface ou enrobages utilisés dans l'industrie ou à d'autres fins, tels que sous-couche pour carrosserie de véhicule, revêtement pour fûts et tonneaux) ;F1;1
1139;SOLUTION D'ENROBAGE (traitements de surface ou enrobages utilisés dans l'industrie ou à d'autres fins, tels que sous-couche pour carrosserie de véhicule, revêtement pour fûts et tonneaux) ;F1;3
1139;SOLUTION D'ENROBAGE (traitements de surface ou enrobages utilisés dans l'industrie ou à d'autres fins, tels que sous-couche pour carrosserie de véhicule, revêtement pour fûts et tonneaux) (ayant un point d¿éclair inférieur à 23 °C et visqueux selon 2.2.3.1.4) (point d'ébullition d'au plus 35 °C);F1;3
1139;SOLUTION D'ENROBAGE (traitements de surface ou enrobages utilisés dans l'industrie ou à d'autres fins, tels que sous-couche pour carrosserie de véhicule, revêtement pour fûts et tonneaux) (ayant un point d¿éclair inférieur à 23 °C et visqueux selon 2.2.3.1.4) (pression de vapeur à 50 °C supérieure à 110 kPa, point d'ébullition supérieur à 35 °C);F1;3
1139;SOLUTION D'ENROBAGE (traitements de surface ou enrobages utilisés dans l'industrie ou à d'autres fins, tels que sous-couche pour carrosserie de véhicule, revêtement pour fûts et tonneaux) (ayant un point d¿éclair inférieur à 23 °C et visqueux selon 2.2.3.1.4) (pression de vapeur à 50 °C inférieure ou égale à 110 kPa);F1;3
1139;SOLUTION D'ENROBAGE (traitements de surface ou enrobages utilisés dans l'industrie ou à d'autres fins, tels que sous-couche pour carrosserie de véhicule, revêtement pour fûts et tonneaux) (pression de vapeur à 50 °C inférieure ou égale à 110 kPa);F1;2
1139;SOLUTION D'ENROBAGE (traitements de surface ou enrobages utilisés dans l'industrie ou à d'autres fins, tels que sous-couche pour carrosserie de véhicule, revêtement pour fûts et tonneaux) (pression de vapeur à 50 °C supérieure à 110 kPa);F1;2
1145;CYCLOHEXANE;F1;2
1146;CYCLOPENTANE;F1;2
1147;DECAHYDRO-NAPHTALÈNE;F1;3
1148;DIACÉTONE-ALCOOL;F1;2
1148;DIACÉTONE-ALCOOL;F1;3
1149;ÉTHERS BUTYLIQUES;F1;3
1150;DICHLORO-12 ÉTHYLÈNE;F1;2
1152;DICHLOROPENTANES;F1;3
1153;ÉTHER DIÉTHYLIQUE DE L'ÉTHYLÈNEGLYCOL;F1;2
1153;ÉTHER DIÉTHYLIQUE DE L'ÉTHYLÈNEGLYCOL;F1;3
1154;DIÉTHYLAMINE;FC;2
1156;DIÉTHYLCÉTONE;F1;2
1157;DIISOBUTYLCÉTONE;F1;3
1158;DIISOPROPYLAMINE;FC;2
1159;ÉTHER ISOPROPYLIQUE;F1;2
1160;DIMÉTHYLAMINE EN SOLUTION AQUEUSE;FC;2
1161;CARBONATE DE MÉTHYLE;F1;2
1164;SULFURE DE MÉTHYLE;F1;2
1165;DIOXANNE;F1;2
1166;DIOXOLANNE;F1;2
1169;EXTRAITS AROMATIQUES LIQUIDES ;F1;3
1169;EXTRAITS AROMATIQUES LIQUIDES (ayant un point d¿éclair inférieur à 23 °C et visqueux selon 2.2.3.1.4) (pression de vapeur à 50 °C inférieure ou égale à 110 kPa);F1;3
1169;EXTRAITS AROMATIQUES LIQUIDES (ayant un point d¿éclair inférieur à 23 °C et visqueux selon 2.2.3.1.4) (pression de vapeur à 50 °C supérieure à 110 kPa point d'ébullition supérieur à 35 °C);F1;3
1169;EXTRAITS AROMATIQUES LIQUIDES (pression de vapeur à 50 °C inférieure ou égale à 110 kPa);F1;2
1169;EXTRAITS AROMATIQUES LIQUIDES (pression de vapeur à 50 °C supérieure à 110 kPa);F1;2
1170;ÉTHANOL (ALCOOL ÉTHYLIQUE) ou ÉTHANOL EN SOLUTION (ALCOOL ÉTHYLIQUE EN SOLUTION);F1;2
1170;ÉTHANOL EN SOLUTION (ALCOOL ÉTHYLIQUE EN SOLUTION);F1;3
1171;ÉTHER MONOÉTHYLIQUE DE L'ÉTHYLÈNEGLYCOL;F1;3
1172;ACÉTATE DE L'ÉTHER MONOÉTHYLIQUE DE L'ÉTHYLÈNEGLYCOL;F1;3
1173;ACÉTATE D'ÉTHYLE;F1;2
1175;ÉTHYLBENZÈNE;F1;2
1176;BORATE D'ÉTHYLE;F1;2
1177;ACÉTATE DE 2-ÉTHYLBUTYLE;F1;3
1178;ALDÉHYDE ÉTHYL-2 BUTYRIQUE;F1;2
1179;ÉTHER ÉTHYLBUTYLIQUE;F1;2
1180;BUTYRATE D'ÉTHYLE;F1;3
1181;CHLORACÉTATE D'ÉTHYLE;TF1;2
1184;DICHLORURE D'ÉTHYLÈNE;FT1;2
1188;ÉTHER MONO-MÉTHYLIQUE DE L'ÉTHYLÈNEGLYCOL;F1;3
1189;ACÉTATE DE L'ÉTHER MONOMÉTHYLIQUE DE L'ÉTHYLÈNEGLYCOL;F1;3
1190;FORMIATE D'ÉTHYLE;F1;2
1191;ALDÉHYDES OCTYLIQUES;F1;3
1192;LACTATE D'ÉTHYLE;F1;3
1193;ÉTHYLMÉTHYLCÉTONE (MÉTHYLÉTHYLCÉTONE);F1;2
1195;PROPIONATE D'ÉTHYLE;F1;2
1197;EXTRAITS LIQUIDES POUR AROMATISER ;F1;3
1197;EXTRAITS LIQUIDES POUR AROMATISER (ayant un point d¿éclair inférieur à 23 °C et visqueux selon 2.2.3.1.4) (pression de vapeur à 50 °C inférieure ou égale à 110 kPa);F1;3
1197;EXTRAITS LIQUIDES POUR AROMATISER (ayant un point d¿éclair inférieur à 23 °C et visqueux selon 2.2.3.1.4) (pression de vapeur à 50 °C supérieure à 110 kPa, point d'ébullition supérieur à 35 °C);F1;3
1197;EXTRAITS LIQUIDES POUR AROMATISER (pression de vapeur à 50 °C inférieure ou égale à 110 kPa);F1;2
1197;EXTRAITS LIQUIDES POUR AROMATISER (pression de vapeur à 50 °C supérieure à 110 kPa);F1;2
1198;FORMALDÉHYDE EN SOLUTION INFLAMMABLE;FC;3
1199;FURALDÉHYDES;TF1;2
1201;HUILE DE FUSEL;F1;2
1201;HUILE DE FUSEL;F1;3
1202;CARBURANT DIESEL conforme à la norme EN 590:2004 ou GAZOLE ou HUILE DE CHAUFFE LÉGÈRE à point d'éclair défini dans la norme EN 590:2004;F1;3
1202;CARBURANT DIESEL ou GAZOLE ou HUILE DE CHAUFFE LÉGÈRE (point d'éclair compris entre 60 °C et 100 °C);F1;3
1202;CARBURANT DIESEL ou GAZOLE ou HUILE DE CHAUFFE LÉGÈRE (point d'éclair ne dépassant pas 60 °C);F1;3
1203;ESSENCE ;F1;2
1204;NITROGLYCÉRINE EN SOLUTION ALCOOLIQUE avec au plus 1% de nitroglycérine;D;2
1206;HEPTANES;F1;2
1207;HEXALDÉHYDE;F1;3
1208;HEXANES;F1;2
1210;ENCRES D'IMPRIMERIE, inflammables ou MATIÈRES APPARENTÉES AUX ENCRES D'IMPRIMERIE (y compris solvants et diluants pour encres d'imprimerie), inflammables;F1;1
1210;ENCRES D'IMPRIMERIE, inflammables ou MATIÈRES APPARENTÉES AUX ENCRES D'IMPRIMERIE (y compris solvants et diluants pour encres d'imprimerie), inflammables ;F1;3
1210;ENCRES D'IMPRIMERIE, inflammables ou MATIÈRES APPARENTÉES AUX ENCRES D'IMPRIMERIE (y compris solvants et diluants pour encres d'imprimerie), inflammables (ayant un point d¿éclair inférieur à 23 °C et visqueux selon 2.2.3.1.4) (pression de vapeur à 50 °C inférieure ou égale à 110 kPa);F1;3
1210;ENCRES D'IMPRIMERIE, inflammables ou MATIÈRES APPARENTÉES AUX ENCRES D'IMPRIMERIE (y compris solvants et diluants pour encres d'imprimerie), inflammables (ayant un point d¿éclair inférieur à 23 °C et visqueux selon 2.2.3.1.4) (pression de vapeur à 50 °C supérieure à 110 kPa, point d'ébullition supérieur à 35 °C);F1;3
1210;ENCRES D'IMPRIMERIE, inflammables ou MATIÈRES APPARENTÉES AUX ENCRES D'IMPRIMERIE (y compris solvants et diluants pour encres d'imprimerie), inflammables (pression de vapeur à 50 °C inférieure ou égale à 110 kPa);F1;2
1210;ENCRES D'IMPRIMERIE, inflammables ou MATIÈRES APPARENTÉES AUX ENCRES D'IMPRIMERIE (y compris solvants et diluants pour encres d'imprimerie), inflammables (pression de vapeur à 50 °C supérieure à 110 kPa);F1;2
1212;ISOBUTANOL (ALCOOL ISOBUTYLIQUE);F1;3
1213;ACÉTATE D'ISOBUTYLE;F1;2
1214;ISOBUTYLAMINE;FC;2
1216;ISOOCTÈNES;F1;2
1219;ISOPROPANOL (ALCOOL ISOPROPYLIQUE);F1;2
1220;ACÉTATE D'ISOPROPYLE;F1;2
1222;NITRATE D'ISOPROPYLE;F1;2
1223;KÉROSÈNE;F1;3
1224;CÉTONES LIQUIDES N.S.A.;F1;3
1224;CÉTONES LIQUIDES N.S.A. (pression de vapeur à 50 °C inférieure ou égale à 110 kPa);F1;2
1224;CÉTONES LIQUIDES N.S.A. (pression de vapeur à 50 °C supérieure à 110 kPa);F1;2
1228;MERCAPTANS LIQUIDES INFLAMMABLES TOXIQUES N.S.A. ou MERCAPTANS EN MÉLANGE LIQUIDE INFLAMMABLE TOXIQUE N.S.A.;FT1;2
1228;MERCAPTANS LIQUIDES INFLAMMABLES TOXIQUES N.S.A. ou MERCAPTANS EN MÉLANGE LIQUIDE INFLAMMABLE TOXIQUE N.S.A.;FT1;3
1229;OXYDE DE MÉSITYLE;F1;3
1230;MÉTHANOL;FT1;2
1231;ACÉTATE DE MÉTHYLE;F1;2
1233;ACÉTATE DE MÉTHYLAMYLE;F1;3
1234;MÉTHYLAL;F1;2
1235;MÉTHYLAMINE EN SOLUTION AQUEUSE;FC;2
1237;BUTYRATE DE MÉTHYLE;F1;2
1245;MÉTHYLISOBUTYL-CÉTONE;F1;2
1246;MÉTHYLISOPROPENYL-CÉTONE STABILISÉE;F1;2
1247;MÉTHACRYLATE DE MÉTHYLE MONOMÈRE STABILISÉ;F1;2
1248;PROPIONATE DE MÉTHYLE;F1;2
1249;MÉTHYLPROPYLCÉTONE;F1;2
1261;NITROMÉTHANE;F1;2
1262;OCTANES;F1;2
1263;PEINTURES (y compris peintures laques émaux couleurs shellac vernis cirages encaustiques enduits d'apprêt et bases liquides pour laques) ou MATIÈRES APPARENTÉES AUX PEINTURES (y compris solvants et diluants pour peintures) ;F1;1
1263;PEINTURES (y compris peintures laques émaux couleurs shellac vernis cirages encaustiques enduits d'apprêt et bases liquides pour laques) ou MATIÈRES APPARENTÉES AUX PEINTURES (y compris solvants et diluants pour peintures) ;F1;3
1263;PEINTURES (y compris peintures laques émaux couleurs shellac vernis cirages encaustiques enduits d'apprêt et bases liquides pour laques) ou MATIÈRES APPARENTÉES AUX PEINTURES (y compris solvants et diluants pour peintures) (ayant un point d¿éclair inférieur à 23 °C et visqueux selon 2.2.3.1.4) (pression de vapeur à 50 °C supérieure à 110 kPa point d'ébullition supérieur à 35 °C);F1;3
1263;PEINTURES (y compris peintures laques émaux couleurs shellac vernis cirages encaustiques enduits d'apprêt et bases liquides pour laques) ou MATIÈRES APPARENTÉES AUX PEINTURES (y compris solvants et diluants pour peintures) (ayant un point d¿éclair inférieur à 23 °C et visqueux selon 2.2.3.1.4) (pression de vapeur à 50 °C inférieure ou égale à 110 kPa);F1;3
1263;PEINTURES (y compris peintures laques émaux couleurs shellac vernis cirages encaustiques enduits d'apprêt et bases liquides pour laques) ou MATIÈRES APPARENTÉES AUX PEINTURES (y compris solvants et diluants pour peintures) (pression de vapeur à 50 °C supérieure à 110 kPa);F1;2
1263;PEINTURES (y compris peintures, laques, émaux, couleurs, shellac, vernis, cirages, encaustiques, enduits d'apprêt et bases liquides pour laques) ou MATIÈRES APPARENTÉES AUX PEINTURES (y compris solvants et diluants pour peintures) (pression de vapeur à 50 °C inférieure ou égale à 110 kPa);F1;2
1264;PARALDÉHYDE;F1;3
1265;PENTANES liquides;F1;2
1266;PRODUITS POUR PARFUMERIE contenant des solvants inflammables ;F1;3
1266;PRODUITS POUR PARFUMERIE contenant des solvants inflammables (ayant un point d¿éclair inférieur à 23 °C et visqueux selon 2.2.3.1.4) (pression de vapeur à 50 °C inférieure ou égale à 110 kPa);F1;3
1266;PRODUITS POUR PARFUMERIE contenant des solvants inflammables (ayant un point d¿éclair inférieur à 23 °C et visqueux selon 2.2.3.1.4) (pression de vapeur à 50 °C supérieure à 110 kPa, point d'ébullition supérieur à 35 °C);F1;3
1266;PRODUITS POUR PARFUMERIE contenant des solvants inflammables (pression de vapeur à 50 °C inférieure ou égale à 110 kPa);F1;2
1266;PRODUITS POUR PARFUMERIE contenant des solvants inflammables (pression de vapeur à 50 °C supérieure à 110 kPa);F1;2
1267;PÉTROLE BRUT;F1;1
1267;PÉTROLE BRUT;F1;3
1267;PÉTROLE BRUT (pression de vapeur à 50 °C inférieure ou égale à 110 kPa);F1;2
1267;PÉTROLE BRUT (pression de vapeur à 50 °C supérieure à 110 kPa);F1;2
1268;DISTILLATS DE PÉTROLE N.S.A. ou PRODUITS PÉTROLIERS N.S.A.;F1;3
1268;DISTILLATS DE PÉTROLE N.S.A. ou PRODUITS PÉTROLIERS N.S.A. ;F1;1
1268;DISTILLATS DE PÉTROLE N.S.A. ou PRODUITS PÉTROLIERS N.S.A. (pression de vapeur à 50 °C inférieure ou égale à 110 kPa);F1;2
1268;DISTILLATS DE PÉTROLE N.S.A. ou PRODUITS PÉTROLIERS N.S.A. (pression de vapeur à 50 °C supérieure à 110 kPa);F1;2
1272;HUILE DE PIN;F1;3
1274;n-PROPANOL (ALCOOL PROPYLIQUE NORMAL);F1;2
1274;n-PROPANOL (ALCOOL PROPYLIQUE NORMAL);F1;3
1275;ALDÉHYDE PROPIONIQUE;F1;2
1276;ACÉTATE DE n-PROPYLE;F1;2
1277;PROPYLAMINE;FC;2
1278;CHLORO-1 PROPANE;F1;2
1279;DICHLORO-12 PROPANE;F1;2
1281;FORMIATES DE PROPYLE;F1;2
1282;PYRIDINE;F1;2
1286;HUILE DE COLOPHANE ;F1;3
1286;HUILE DE COLOPHANE (ayant un point d¿éclair inférieur à 23 °C et visqueux selon 2.2.3.1.4) (pression de vapeur à 50 °C inférieure ou égale à 110 kPa);F1;3
1286;HUILE DE COLOPHANE (ayant un point d¿éclair inférieur à 23 °C et visqueux selon 2.2.3.1.4) (pression de vapeur à 50 °C supérieure à 110 kPa point d'ébullition supérieur à 35 °C);F1;3
1286;HUILE DE COLOPHANE (pression de vapeur à 50 °C inférieure ou égale à 110 kPa);F1;2
1286;HUILE DE COLOPHANE (pression de vapeur à 50 °C supérieure à 110 kPa);F1;2
1287;DISSOLUTION DE CAOUTCHOUC ;F1;3
1287;DISSOLUTION DE CAOUTCHOUC (ayant un point d¿éclair inférieur à 23 °C et visqueux selon 2.2.3.1.4) (pression de vapeur à 50 °C inférieure ou égale à 110 kPa);F1;3
1287;DISSOLUTION DE CAOUTCHOUC (ayant un point d¿éclair inférieur à 23 °C et visqueux selon 2.2.3.1.4) (pression de vapeur à 50 °C supérieure à 110 kPa, point d'ébullition supérieur à 35 °C);F1;3
1287;DISSOLUTION DE CAOUTCHOUC (pression de vapeur à 50 °C inférieure ou égale à 110 kPa);F1;2
1287;DISSOLUTION DE CAOUTCHOUC (pression de vapeur à 50 °C supérieure à 110 kPa);F1;2
1288;HUILE DE SCHISTE;F1;2
1288;HUILE DE SCHISTE;F1;3
1289;MÉTHYLATE DE SODIUM EN SOLUTION dans l'alcool;FC;2
1289;MÉTHYLATE DE SODIUM EN SOLUTION dans l'alcool;FC;3
1292;SILICATE DE TÉTRAÉTHYLE;F1;3
1293;TEINTURES MÉDICINALES;F1;2
1293;TEINTURES MÉDICINALES;F1;3
1294;TOLUÈNE;F1;2
1296;TRIÉTHYLAMINE;FC;2
1297;TRIMÉTHYLAMINE EN SOLUTION AQUEUSE contenant au plus 50% (masse) de triméthylamine;FC;2
1297;TRIMÉTHYLAMINE EN SOLUTION AQUEUSE contenant au plus 50% (masse) de triméthylamine;FC;3
1299;ESSENCE DE TÉRÉBENTHINE;F1;3
1300;SUCCÉDANÉ D'ESSENCE DE TÉRÉBENTHINE;F1;2
1300;SUCCÉDANÉ D'ESSENCE DE TÉRÉBENTHINE;F1;3
1301;ACÉTATE DE VINYLE STABILISÉ;F1;2
1304;ÉTHER ISOBUTYLVINYLIQUE STABILISÉ;F1;2
1306;PRODUITS DE PRÉSERVATION DES BOIS LIQUIDES ;F1;3
1306;PRODUITS DE PRÉSERVATION DES BOIS LIQUIDES (pression de vapeur à 50 °C inférieure ou égale à 110 kPa);F1;2
1306;PRODUITS DE PRÉSERVATION DES BOIS, LIQUIDES (ayant un point d¿éclair inférieur à 23 °C et visqueux selon 2.2.3.1.4) (pression de vapeur à 50 °C inférieure ou égale à 110 kPa);F1;3
1306;PRODUITS DE PRÉSERVATION DES BOIS, LIQUIDES (ayant un point d¿éclair inférieur à 23 °C et visqueux selon 2.2.3.1.4) (pression de vapeur à 50 °C supérieure à 110 kPa, point d'ébullition supérieur à 35 °C);F1;3
1306;PRODUITS DE PRÉSERVATION DES BOIS, LIQUIDES (pression de vapeur à 50 °C supérieure à 110 kPa) ;F1;2
1307;XYLÈNES;F1;2
1307;XYLÈNES;F1;3
1308;ZIRCONIUM EN SUSPENSION DANS UN LIQUIDE INFLAMMABLE;F1;3
1308;ZIRCONIUM EN SUSPENSION DANS UN LIQUIDE INFLAMMABLE (pression de vapeur à 50 °C inférieure ou égale à 110 kPa);F1;2
1308;ZIRCONIUM EN SUSPENSION DANS UN LIQUIDE INFLAMMABLE (pression de vapeur à 50 °C supérieure à 110 kPa);F1;2
1309;ALUMINIUM EN POUDRE ENROBÉ;F3;2
1309;ALUMINIUM EN POUDRE ENROBÉ;F3;3
1312;BORNÉOL;F1;3
1313;RÉSINATE DE CALCIUM;F3;3
1314;RÉSINATE DE CALCIUM FONDU;F3;3
1318;RÉSINATE DE COBALT PRÉCIPITÉ;F3;3
1323;FERROCÉRIUM;F3;2
1324;FILMS À SUPPORT NITRO-CELLULOSIQUE avec couche de gélatine (à l'exclusion des déchets);F1;3
1325;SOLIDE ORGANIQUE INFLAMMABLE N.S.A.;F1;2
1325;SOLIDE ORGANIQUE INFLAMMABLE N.S.A.;F1;3
1326;HAFNIUM EN POUDRE HUMIDIFIÉ avec au moins 25% d¿eau;F3;2
1328;HEXAMÉTHYLÈNE-TÉTRAMINE;F1;3
1330;RÉSINATE DE MANGANESE;F3;3
1331;ALLUMETTES NON «DE SÛRETÉ»;F1;3
1332;MÉTALDÉHYDE;F1;3
1333;CÉRIUM plaques barres lingots;F3;2
1334;NAPHTALÈNE BRUT ou NAPHTALÈNE RAFFINÉ;F1;3
1338;PHOSPHORE AMORPHE;F3;3
1339;HEPTASULFURE DE PHOSPHORE exempt de phosphore jaune ou blanc;F3;2
1340;PENTASULFURE DE PHOSPHORE exempt de phosphore jaune ou blanc;WF2;2
1341;SESQUISULFURE DE PHOSPHORE exempt de phosphore jaune ou blanc;F3;2
1343;TRISULFURE DE PHOSPHORE exempt de phosphore jaune ou blanc;F3;2
1345;CHUTES DE CAOUTCHOUC ou DÉCHETS DE CAOUTCHOUC sous forme de poudre ou de grains;F1;2
1346;SILICIUM EN POUDRE AMORPHE;F3;3
1350;SOUFRE;F3;3
1352;TITANE EN POUDRE HUMIDIFIÉ avec au moins 25% d'eau;F3;2
1353;FIBRES ou TISSUS IMPRÉGNÉS DE NITROCELLULOSE FAIBLEMENT NITRÉE N.S.A.;F1;3
1358;ZIRCONIUM EN POUDRE HUMIDIFIÉ avec au moins 25% d'eau;F3;2
1390;AMIDURES DE MÉTAUX ALCALINS;W2;2
1393;ALLIAGE DE MÉTAUX ALCALINO-TERREUX N.S.A.;W2;2
1394;CARBURE D'ALUMINIUM;W2;2
1395;ALUMINO-FERRO-SILICIUM EN POUDRE;WT2;2
1396;ALUMINIUM EN POUDRE NON ENROBÉ;W2;2
1396;ALUMINIUM EN POUDRE NON ENROBÉ;W2;3
1398;SILICO-ALUMINIUM EN POUDRE NON ENROBÉ;W2;3
1400;BARYUM;W2;2
1401;CALCIUM;W2;2
1402;CARBURE DE CALCIUM;W2;2
1403;CYANAMIDE CALCIQUE contenant plus de 01% (masse) de carbure de calcium;W2;3
1405;SILICIURE DE CALCIUM;W2;2
1405;SILICIURE DE CALCIUM;W2;3
1408;FERROSILICIUM contenant 30% ou plus mais moins de 90% (masse) de silicium;WT2;3
1409;HYDRURES MÉTALLIQUES HYDRORÉACTIFS N.S.A.;W2;2
1417;SILICO-LITHIUM;W2;2
1435;CENDRES DE ZINC;W2;3
1437;HYDRURE DE ZIRCONIUM;F3;2
1438;NITRATE D'ALUMINIUM;O2;3
1439;DICHROMATE D'AMMONIUM;O2;2
1442;PERCHLORATE D'AMMONIUM;O2;2
1444;PERSULFATE D'AMMONIUM;O2;3
1445;CHLORATE DE BARYUM SOLIDE;OT2;2
1446;NITRATE DE BARYUM;OT2;2
1447;PERCHLORATE DE BARYUM SOLIDE;OT2;2
1448;PERMANGANATE DE BARYUM;OT2;2
1449;PEROXYDE DE BARYUM;OT2;2
1450;BROMATES INORGANIQUES N.S.A.;O2;2
1451;NITRATE DE CÉSIUM;O2;3
1452;CHLORATE DE CALCIUM;O2;2
1453;CHLORITE DE CALCIUM;O2;2
1454;NITRATE DE CALCIUM;O2;3
1455;PERCHLORATE DE CALCIUM;O2;2
1456;PERMANGANATE DE CALCIUM;O2;2
1457;PEROXYDE DE CALCIUM;O2;2
1458;CHLORATE ET BORATE EN MÉLANGE;O2;3
1458;CHLORATE ET BORATE EN MÉLANGE;O2;2
1459;CHLORATE ET CHLORURE DE MAGNÉSIUM EN MÉLANGE SOLIDE;O2;2
1459;CHLORATE ET CHLORURE DE MAGNÉSIUM EN MÉLANGE SOLIDE;O2;3
1461;CHLORATES INORGANIQUES N.S.A.;O2;2
1462;CHLORITES INORGANIQUES N.S.A.;O2;2
1463;TRIOXYDE DE CHROME ANHYDRE;OTC;2
1465;NITRATE DE DIDYME;O2;3
1466;NITRATE DE FER III;O2;3
1467;NITRATE DE GUANIDINE;O2;3
1469;NITRATE DE PLOMB;OT2;2
1470;PERCHLORATE DE PLOMB SOLIDE;OT2;2
1471;HYPOCHLORITE DE LITHIUM SEC ou HYPOCHLORITE DE LITHIUM EN MÉLANGE;O2;2
1471;HYPOCHLORITE DE LITHIUM SEC ou HYPOCHLORITE DE LITHIUM EN MÉLANGE;O2;3
1472;PEROXYDE DE LITHIUM;O2;2
1473;BROMATE DE MAGNÉSIUM;O2;2
1474;NITRATE DE MAGNÉSIUM;O2;3
1475;PERCHLORATE DE MAGNÉSIUM;O2;2
1476;PEROXYDE DE MAGNÉSIUM;O2;2
1477;NITRATES INORGANIQUES N.S.A.;O2;3
1477;NITRATES INORGANIQUES N.S.A.;O2;2
1479;SOLIDE COMBURANT N.S.A.;O2;2
1479;SOLIDE COMBURANT N.S.A.;O2;3
1481;PERCHLORATES INORGANIQUES N.S.A.;O2;2
1481;PERCHLORATES INORGANIQUES N.S.A.;O2;3
1482;PERMANGANATES INORGANIQUES N.S.A.;O2;2
1482;PERMANGANATES INORGANIQUES N.S.A.;O2;3
1483;PEROXYDES INORGANIQUES N.S.A.;O2;2
1483;PEROXYDES INORGANIQUES N.S.A.;O2;3
1484;BROMATE DE POTASSIUM;O2;2
1485;CHLORATE DE POTASSIUM;O2;2
1486;NITRATE DE POTASSIUM;O2;3
1487;NITRATE DE POTASSIUM ET NITRITE DE SODIUM EN MÉLANGE;O2;2
1488;NITRITE DE POTASSIUM;O2;2
1489;PERCHLORATE DE POTASSIUM;O2;2
1490;PERMANGANATE DE POTASSIUM;O2;2
1492;PERSULFATE DE POTASSIUM;O2;3
1493;NITRATE D'ARGENT;O2;2
1494;BROMATE DE SODIUM;O2;2
1495;CHLORATE DE SODIUM;O2;2
1496;CHLORITE DE SODIUM;O2;2
1498;NITRATE DE SODIUM;O2;3
1499;NITRATE DE SODIUM ET NITRATE DE POTASSIUM EN MÉLANGE;O2;3
1500;NITRITE DE SODIUM;OT2;3
1502;PERCHLORATE DE SODIUM;O2;2
1503;PERMANGANATE DE SODIUM;O2;2
1505;PERSULFATE DE SODIUM;O2;3
1506;CHLORATE DE STRONTIUM;O2;2
1507;NITRATE DE STRONTIUM;O2;3
1508;PERCHLORATE DE STRONTIUM;O2;2
1509;PEROXYDE DE STRONTIUM;O2;2
1511;URÉE-PEROXYDE D'HYDROGÈNE;OC2;3
1512;NITRITE DE ZINC AMMONIACAL;O2;2
1513;CHLORATE DE ZINC;O2;2
1514;NITRATE DE ZINC;O2;2
1515;PERMANGANATE DE ZINC;O2;2
1516;PEROXYDE DE ZINC;O2;2
1544;ALCALOÏDES SOLIDES N.S.A. ou SELS D'ALCALOÏDES SOLIDES N.S.A.;T2;2
1544;ALCALOÏDES SOLIDES N.S.A. ou SELS D'ALCALOÏDES SOLIDES N.S.A.;T2;3
1545;ISOTHIOCYANATE D'ALLYLE STABILISÉ;TF1;2
1546;ARSÉNIATE D'AMMONIUM;T5;2
1547;ANILINE;T1;2
1548;CHLORHYDRATE D'ANILINE;T2;3
1549;COMPOSÉ INORGANIQUE SOLIDE DE L'ANTIMOINE N.S.A.;T5;3
1550;LACTATE D'ANTIMOINE;T5;3
1551;TARTRATE D'ANTIMOINE ET DE POTASSIUM;T5;3
1554;ACIDE ARSÉNIQUE SOLIDE;T5;2
1555;BROMURE D'ARSENIC;T5;2
1556;COMPOSÉ LIQUIDE DE L'ARSENIC N.S.A. inorganique notamment: arséniates n.s.a. arsénites n.s.a. et sulfures d'arsenic n.s.a.;T4;2
1556;COMPOSÉ LIQUIDE DE L'ARSENIC N.S.A. inorganique notamment: arséniates n.s.a. arsénites n.s.a. et sulfures d'arsenic n.s.a.;T4;3
1557;COMPOSÉ SOLIDE DE L'ARSENIC N.S.A. inorganique notamment: arséniates n.s.a. arsénites n.s.a. et sulfures d'arsenic n.s.a.;T5;2
1557;COMPOSÉ SOLIDE DE L'ARSENIC N.S.A. inorganique notamment: arséniates n.s.a. arsénites n.s.a. et sulfures d'arsenic n.s.a.;T5;3
1558;ARSENIC;T5;2
1559;PENTOXYDE D'ARSENIC;T5;2
1561;TRIOXYDE D'ARSENIC;T5;2
1562;POUSSIÈRE ARSENICALE;T5;2
1564;COMPOSÉ DU BARYUM N.S.A.;T5;2
1564;COMPOSÉ DU BARYUM N.S.A.;T5;3
1566;COMPOSÉ DU BERYLLIUM N.S.A.;T5;2
1566;COMPOSÉ DU BERYLLIUM N.S.A.;T5;3
1567;BERYLLIUM EN POUDRE;TF3;2
1572;ACIDE CACODYLIQUE;T5;2
1573;ARSÉNIATE DE CALCIUM;T5;2
1574;ARSÉNIATE DE CALCIUM ET ARSÉNITE DE CALCIUM EN MÉLANGE SOLIDE;T5;2
1577;CHLORODINITRO-BENZÈNES LIQUIDES;T1;2
1578;CHLORONITROBENZÈNES SOLIDES;T2;2
1579;CHLORHYDRATE DE CHLORO-4 o-TOLUIDINE SOLIDE;T2;3
1583;CHLOROPICRINE EN MÉLANGE N.S.A.;T1;2
1583;CHLOROPICRINE EN MÉLANGE N.S.A.;T1;3
1585;ACÉTOARSÉNITE DE CUIVRE;T5;2
1586;ARSÉNITE DE CUIVRE;T5;2
1587;CYANURE DE CUIVRE;T5;2
1588;CYANURES INORGANIQUES SOLIDES N.S.A.;T5;2
1588;CYANURES INORGANIQUES SOLIDES N.S.A.;T5;3
1590;DICHLORANILINES LIQUIDES;T1;2
1591;o-DICHLOROBENZÈNE;T1;3
1593;DICHLOROMÉTHANE;T1;3
1594;SULFATE DE DIÉTHYLE;T1;2
1596;DINITRANILINES;T2;2
1597;DINITROBENZÈNES LIQUIDES;T1;2
1597;DINITROBENZÈNES LIQUIDES;T1;3
1598;DINITRO-o-CRÉSOL;T2;2
1599;DINITROPHÉNOL EN SOLUTION;T1;2
1599;DINITROPHÉNOL EN SOLUTION;T1;3
1601;DÉSINFECTANT SOLIDE TOXIQUE N.S.A;T2;3
1601;DÉSINFECTANT SOLIDE TOXIQUE N.S.A;T2;2
1602;COLORANT LIQUIDE TOXIQUE N.S.A. ou MATIÈRE INTERMÉDIAIRE LIQUIDE POUR COLORANT TOXIQUE N.S.A.;T1;3
1602;COLORANT LIQUIDE TOXIQUE N.S.A. ou MATIÈRE INTERMÉDIAIRE LIQUIDE POUR COLORANT TOXIQUE N.S.A.;T1;2
1603;BROMACÉTATE D'ÉTHYLE;TF1;2
1604;ÉTHYLÈNEDIAMINE;CF1;2
1606;ARSÉNIATE DE FER III;T5;2
1607;ARSÉNITE DE FER III;T5;2
1608;ARSÉNIATE DE FER II;T5;2
1611;TÉTRAPHOSPHATE D'HEXAÉTHYLE;T1;2
1616;ACÉTATE DE PLOMB;T5;3
1617;ARSÉNIATES DE PLOMB;T5;2
1618;ARSÉNITES DE PLOMB;T5;2
1620;CYANURE DE PLOMB;T5;2
1621;POURPRE DE LONDRES;T5;2
1622;ARSÉNIATE DE MAGNÉSIUM;T5;2
1623;ARSÉNIATE DE MERCURE II;T5;2
1624;CHLORURE DE MERCURE II;T5;2
1625;NITRATE DE MERCURE II;T5;2
1627;NITRATE DE MERCURE I;T5;2
1629;ACÉTATE DE MERCURE;T5;2
1630;CHLORURE DE MERCURE AMMONIACAL;T5;2
1631;BENZOATE DE MERCURE;T5;2
1634;BROMURES DE MERCURE;T5;2
1636;CYANURE DE MERCURE;T5;2
1637;GLUCONATE DE MERCURE;T5;2
1638;IODURE DE MERCURE;T5;2
1639;NUCLÉINATE DE MERCURE;T5;2
1640;OLÉATE DE MERCURE;T5;2
1641;OXYDE DE MERCURE;T5;2
1642;OXYCYANURE DE MERCURE DÉSENSIBILISÉ;T5;2
1643;IODURE DOUBLE DE MERCURE ET DE POTASSIUM;T5;2
1644;SALICYLATE DE MERCURE;T5;2
1645;SULFATE DE MERCURE;T5;2
1646;THIOCYANATE DE MERCURE;T5;2
1648;ACÉTONITRILE;F1;2
1650;bêta-NAPHTYLAMINE SOLIDE;T2;2
1651;NAPHTYLTHIO-URÉE;T2;2
1652;NAPHTYLURÉE;T2;2
1653;CYANURE DE NICKEL;T5;2
1654;NICOTINE;T1;2
1655;COMPOSÉ SOLIDE DE LA NICOTINE N.S.A. ou PRÉPARATION SOLIDE DE LA NICOTINE N.S.A.;T2;2
1655;COMPOSÉ SOLIDE DE LA NICOTINE N.S.A. ou PRÉPARATION SOLIDE DE LA NICOTINE N.S.A.;T2;3
1656;CHLORHYDRATE DE NICOTINE LIQUIDE ou EN SOLUTION;T1;2
1656;CHLORHYDRATE DE NICOTINE LIQUIDE ou EN SOLUTION;T1;3
1657;SALICYLATE DE NICOTINE;T2;2
1658;SULFATE DE NICOTINE EN SOLUTION;T1;2
1658;SULFATE DE NICOTINE EN SOLUTION;T1;3
1659;TARTRATE DE NICOTINE;T2;2
1661;NITRANILINES (o- m- p-);T2;2
1662;NITROBENZÈNE;T1;2
1663;NITROPHÉNOLS (o-, m-, p-);T2;3
1664;NITROTOLUÈNES LIQUIDES;T1;2
1665;NITROXYLÈNES LIQUIDES;T1;2
1669;PENTACHLORÉTHANE;T1;2
1671;PHÉNOL SOLIDE;T2;2
1673;PHÉNYLÈNEDIAMINES (o-, m-, p-);T2;3
1674;ACÉTATE DE PHÉNYLMERCURE;T3;2
1677;ARSÉNIATE DE POTASSIUM;T5;2
1678;ARSÉNITE DE POTASSIUM;T5;2
1679;CUPROCYANURE DE POTASSIUM;T5;2
1683;ARSÉNITE D'ARGENT;T5;2
1684;CYANURE D'ARGENT;T5;2
1685;ARSÉNIATE DE SODIUM;T5;2
1686;ARSÉNITE DE SODIUM EN SOLUTION AQUEUSE;T4;2
1686;ARSÉNITE DE SODIUM EN SOLUTION AQUEUSE;T4;3
1687;AZOTURE DE SODIUM;T5;2
1688;CACODYLATE DE SODIUM;T5;2
1690;FLUORURE DE SODIUM SOLIDE;T5;3
1691;ARSÉNITE DE STRONTIUM;T5;2
1702;1122-TÉTRACHLORÉTHANE;T1;2
1704;DITHIOPYROPHOSPHATE DE TÉTRAÉTHYLE;T1;2
1707;COMPOSÉ DU THALLIUM N.S.A.;T5;2
1708;TOLUIDINES LIQUIDES;T1;2
1709;m-TOLUYLÈNEDIAMINE SOLIDE;T2;3
1710;TRICHLORÉTHYLÈNE;T1;3
1711;XYLIDINES LIQUIDES;T1;2
1712;ARSÉNIATE DE ZINC ou ARSÉNITE DE ZINC ou ARSÉNIATE DE ZINC ET ARSÉNITE DE ZINC EN MÉLANGE;T5;2
1715;ANHYDRIDE ACÉTIQUE;CF1;2
1716;BROMURE D'ACÉTYLE;C3;2
1717;CHLORURE D'ACÉTYLE;FC;2
1718;PHOSPHATE ACIDE DE BUTYLE;C3;3
1719;LIQUIDE ALCALIN CAUSTIQUE N.S.A.;C5;2
1719;LIQUIDE ALCALIN CAUSTIQUE N.S.A.;C5;3
1723;IODURE D'ALLYLE;FC;2
1725;BROMURE D'ALUMINIUM ANHYDRE;C2;2
1726;CHLORURE D'ALUMINIUM ANHYDRE;C2;2
1727;HYDROGÉNODI-FLUORURE D'AMMONIUM SOLIDE;C2;2
1729;CHLORURE D'ANISOYLE;C4;2
1730;PENTACHLORURE D'ANTIMOINE LIQUIDE;C1;2
1731;PENTACHLORURE D'ANTIMOINE EN SOLUTION;C1;2
1731;PENTACHLORURE D'ANTIMOINE EN SOLUTION;C1;3
1732;PENTAFLUORURE D'ANTIMOINE;CT1;2
1733;TRICHLORURE D'ANTIMOINE;C2;2
1736;CHLORURE DE BENZOYLE;C3;2
1740;HYDROGÉNODIFLUO-RURES SOLIDES N.S.A.;C2;3
1740;HYDROGÉNODIFLUO-RURES SOLIDES N.S.A.;C2;2
1742;COMPLEXE DE TRIFLUORURE DE BORE ET D'ACIDE ACÉTIQUE LIQUIDE;C3;2
1743;COMPLEXE DE TRIFLUORURE DE BORE ET D'ACIDE PROPIONIQUE LIQUIDE;C3;2
1748;HYPOCHLORITE DE CALCIUM SEC ou HYPOCHLORITE DE CALCIUM EN MÉLANGE SEC contenant plus de 39% de chlore actif (88% d'oxygène actif);O2;2
1748;HYPOCHLORITE DE CALCIUM SEC ou HYPOCHLORITE DE CALCIUM EN MÉLANGE SEC contenant plus de 39% de chlore actif (88% d'oxygène actif);O2;3
1750;ACIDE CHLORACÉTIQUE EN SOLUTION;TC1;2
1751;ACIDE CHLORACÉTIQUE SOLIDE;TC2;2
1755;ACIDE CHROMIQUE EN SOLUTION;C1;2
1755;ACIDE CHROMIQUE EN SOLUTION;C1;3
1756;FLUORURE DE CHROME III SOLIDE;C2;2
1757;FLUORURE DE CHROME III EN SOLUTION;C1;2
1757;FLUORURE DE CHROME III EN SOLUTION;C1;3
1759;SOLIDE CORROSIF N.S.A.;C10;2
1759;SOLIDE CORROSIF N.S.A.;C10;3
1760;LIQUIDE CORROSIF N.S.A.;C9;2
1760;LIQUIDE CORROSIF N.S.A.;C9;3
1761;CUPRIÉTHYLÈNEDIAMINE EN SOLUTION;CT1;2
1761;CUPRIÉTHYLÈNEDIAMINE EN SOLUTION;CT1;3
1764;ACIDE DICHLORACÉTIQUE;C3;2
1765;CHLORURE DE DICHLORACÉTYLE;C3;2
1768;ACIDE DIFLUORO-PHOSPHORIQUE ANHYDRE;C1;2
1770;BROMURE DE DIPHÉNYLMÉTHYLE;C10;2
1773;CHLORURE DE FER III ANHYDRE;C2;3
1774;CHARGES D'EXTINCTEURS liquide corrosif;C11;2
1775;ACIDE FLUOROBORIQUE;C1;2
1776;ACIDE FLUOROPHOSPHORIQUE ANHYDRE;C1;2
1778;ACIDE FLUOROSILICIQUE;C1;2
1779;ACIDE FORMIQUE contenant plus de 85% (masse) d'acide;CF1;2
1780;CHLORURE DE FUMARYLE;C3;2
1782;ACIDE HEXAFLUORO-PHOSPHORIQUE;C1;2
1783;HEXAMÉTHYLÈNE-DIAMINE EN SOLUTION;C7;2
1783;HEXAMÉTHYLÈNE-DIAMINE EN SOLUTION;C7;3
1787;ACIDE IODHYDRIQUE;C1;2
1787;ACIDE IODHYDRIQUE;C1;3
1788;ACIDE BROMHYDRIQUE;C1;2
1788;ACIDE BROMHYDRIQUE;C1;3
1789;ACIDE CHLORHYDRIQUE;C1;2
1789;ACIDE CHLORHYDRIQUE;C1;3
1790;ACIDE FLUORHYDRIQUE contenant au plus 60% de fluorure d'hydrogène;CT1;2
1791;HYPOCHLORITE EN SOLUTION;C9;2
1791;HYPOCHLORITE EN SOLUTION;C9;3
1792;MONOCHLORURE D'IODE;C1;2
1793;PHOSPHATE ACIDE D'ISOPROPYLE;C3;3
1794;SULFATE DE PLOMB contenant plus de 3% d'acide libre;C2;2
1796;ACIDE SULFONITRIQUE contenant au plus 50% d'acide nitrique;C1;2
1802;ACIDE PERCHLORIQUE contenant au plus 50% (masse) d'acide;CO1;2
1803;ACIDE PHÉNOLSULFONIQUE LIQUIDE;C3;2
1805;ACIDE PHOSPHORIQUE EN SOLUTION;C1;3
1806;PENTACHLORURE DE PHOSPHORE;C2;2
1807;ANHYDRIDE PHOSPHORIQUE (PENTOXYDE DE PHOSPHORE);C2;2
1808;TRIBROMURE DE PHOSPHORE;C1;2
1811;HYDROGÉNODIFLUO-RURE DE POTASSIUM SOLIDE;CT2;2
1812;FLUORURE DE POTASSIUM SOLIDE;T5;3
1813;HYDROXYDE DE POTASSIUM SOLIDE;C6;2
1814;HYDROXYDE DE POTASSIUM EN SOLUTION;C5;2
1814;HYDROXYDE DE POTASSIUM EN SOLUTION;C5;3
1815;CHLORURE DE PROPIONYLE;FC;2
1817;CHLORURE DE PYROSULFURYLE;C1;2
1819;ALUMINATE DE SODIUM EN SOLUTION;C5;2
1819;ALUMINATE DE SODIUM EN SOLUTION;C5;3
1823;HYDROXYDE DE SODIUM SOLIDE;C6;2
1824;HYDROXYDE DE SODIUM EN SOLUTION;C5;2
1824;HYDROXYDE DE SODIUM EN SOLUTION;C5;3
1825;MONOXYDE DE SODIUM;C6;2
1826;ACIDE SULFONITRIQUE RÉSIDUAIRE contenant au plus 50% d'acide nitrique;C1;2
1827;CHLORURE D'ÉTAIN IV ANHYDRE;C1;2
1830;ACIDE SULFURIQUE contenant plus de 51% d'acide;C1;2
1832;ACIDE SULFURIQUE RÉSIDUAIRE;C1;2
1833;ACIDE SULFUREUX;C1;2
1835;HYDROXYDE DE TÉTRAMÉTHYL-AMMONIUM EN SOLUTION;C7;2
1835;HYDROXYDE DE TÉTRAMÉTHYL-AMMONIUM EN SOLUTION;C7;3
1837;CHLORURE DE THIOPHOSPHORYLE;C1;2
1839;ACIDE TRICHLORACÉTIQUE;C4;2
1840;CHLORURE DE ZINC EN SOLUTION;C1;3
1841;ALDÉHYDATE D'AMMONIAQUE;M11;3
1843;DINITRO-o-CRÉSATE D'AMMONIUM SOLIDE;T2;2
1845;Dioxyde de carbone solide (Anydride carbonique, Neige carbonique) (Attention si utilisé en tant qu'agent de réfrigération voir 5.5.3);M11;
1846;TÉTRACHLORURE DE CARBONE;T1;2
1847;SULFURE DE POTASSIUM HYDRATÉ contenant au moins 30% d'eau de cristallisation;C6;2
1848;ACIDE PROPIONIQUE contenant au moins 10% mais moins de 90% (masse) d'acide;C3;3
1849;SULFURE DE SODIUM HYDRATÉ contenant au moins 30% d'eau;C6;2
1851;MÉDICAMENT LIQUIDE TOXIQUE N.S.A.;T1;2
1851;MÉDICAMENT LIQUIDE TOXIQUE N.S.A.;T1;3
1858;HEXAFLUORO-PROPYLÈNE (GAZ RÉFRIGÉRANT R 1216);2A; 
1862;CROTONATE D'ÉTHYLE;F1;2
1863;CARBURÉACTEUR;F1;1
1863;CARBURÉACTEUR;F1;3
1863;CARBURÉACTEUR (pression de vapeur à 50 °C inférieure ou égale à 110 kPa);F1;2
1863;CARBURÉACTEUR (pression de vapeur à 50 °C supérieure à 110 kPa);F1;2
1865;NITRATE DE n-PROPYLE;F1;2
1866;RÉSINE EN SOLUTION inflammable;F1;1
1866;RÉSINE EN SOLUTION inflammable ;F1;3
1866;RÉSINE EN SOLUTION inflammable (ayant un point d¿éclair inférieur à 23 °C et visqueux selon 2.2.3.1.4) (pression de vapeur à 50 °C inférieure ou égale à 110 kPa);F1;3
1866;RÉSINE EN SOLUTION inflammable (ayant un point d¿éclair inférieur à 23 °C et visqueux selon 2.2.3.1.4) (pression de vapeur à 50 °C supérieure à 110 kPa point d'ébullition supérieur à 35 °C);F1;3
1866;RÉSINE EN SOLUTION inflammable (pression de vapeur à 50 °C inférieure ou égale à 110 kPa);F1;2
1866;RÉSINE EN SOLUTION inflammable (pression de vapeur à 50 °C supérieure à 110 kPa);F1;2
1868;DÉCABORANE;FT2;2
1869;MAGNÉSIUM ou ALLIAGES DE MAGNÉSIUM contenant plus de 50% de magnésium sous forme de granulés de tournures ou de rubans;F3;3
1871;HYDRURE DE TITANE;F3;2
1872;DIOXYDE DE PLOMB;OT2;3
1884;OXYDE DE BARYUM;T5;3
1885;BENZIDINE;T2;2
1886;CHLORURE DE BENZYLIDÈNE;T1;2
1887;BROMOCHLORO-MÉTHANE;T1;3
1888;CHLOROFORME;T1;3
1891;BROMURE D'ÉTHYLE;T1;2
1894;HYDROXYDE DE PHÉNYLMERCURE;T3;2
1895;NITRATE DE PHÉNYLMERCURE;T3;2
1897;TÉTRACHLORÉTHYLÈNE;T1;3
1898;IODURE D'ACÉTYLE;C3;2
1902;PHOSPHATE ACIDE DE DIISOOCTYLE;C3;3
1903;DÉSINFECTANT LIQUIDE CORROSIF N.S.A.;C9;2
1903;DÉSINFECTANT LIQUIDE CORROSIF N.S.A.;C9;3
1906;ACIDE RÉSIDUAIRE DE RAFFINAGE;C1;2
1907;CHAUX SODÉE contenant plus de 4% d'hydroxyde de sodium;C6;3
1908;CHLORITE EN SOLUTION;C9;2
1908;CHLORITE EN SOLUTION;C9;3
1913;NÉON LIQUIDE RÉFRIGÉRÉ;3A; 
1914;PROPIONATES DE BUTYLE;F1;3
1915;CYCLOHEXANONE;F1;3
1916;ÉTHER DICHLORO-22' DIÉTHYLIQUE;TF1;2
1917;ACRYLATE D'ÉTHYLE STABILISÉ;F1;2
1918;ISOPROPYLBENZÈNE;F1;3
1919;ACRYLATE DE MÉTHYLE STABILISÉ;F1;2
1920;NONANES;F1;3
1922;PYRROLIDINE;FC;2
1931;DITHIONITE DE ZINC (HYDROSULFITE DE ZINC);M11;3
1935;CYANURE EN SOLUTION N.S.A.;T4;2
1935;CYANURE EN SOLUTION N.S.A.;T4;3
1938;ACIDE BROMACÉTIQUE EN SOLUTION;C3;2
1938;ACIDE BROMACÉTIQUE EN SOLUTION;C3;3
1939;OXYBROMURE DE PHOSPHORE;C2;2
1940;ACIDE THIOGLYCOLIQUE;C3;2
1941;DIBROMODIFLUORO-MÉTHANE;M11;3
1942;NITRATE D'AMMONIUM contenant au plus 02% de matières combustibles totales (y compris les matières organiques exprimées en équivalent carbone) à l'exclusion de toute autre matière;O2;3
1944;ALLUMETTES DE SÛRETÉ (à frottoir en carnets ou pochettes);F1;3
1945;ALLUMETTES-BOUGIES;F1;3
1950;AÉROSOLS asphyxiants;5A; 
1950;AÉROSOLS comburants;5O; 
1950;AÉROSOLS corrosifs;5C; 
1950;AÉROSOLS corrosifs comburants;5CO; 
1950;AÉROSOLS inflammables;5F; 
1950;AÉROSOLS inflammables corrosifs;5FC; 
1950;AÉROSOLS toxiques;5T; 
1950;AÉROSOLS toxiques comburants;5TO; 
1950;AÉROSOLS toxiques comburants corrosifs;5TOC; 
1950;AÉROSOLS toxiques corrosifs;5TC; 
1950;AÉROSOLS toxiques inflammables;5TF; 
1950;AÉROSOLS toxiques inflammables corrosifs;5TFC; 
1951;ARGON LIQUIDE RÉFRIGÉRÉ;3A; 
1952;OXYDE D'ÉTHYLÈNE ET DIOXYDE DE CARBONE EN MÉLANGE contenant au plus 9% d'oxyde d'éthylène;2A; 
1956;GAZ COMPRIMÉ N.S.A.;1A; 
1958;DICHLORO-12 TÉTRAFLUORO-1122 ÉTHANE (GAZ RÉFRIGÉRANT R 114);2A; 
1963;HÉLIUM LIQUIDE RÉFRIGÉRÉ;3A; 
1968;GAZ INSECTICIDE N.S.A.;2A; 
1970;KRYPTON LIQUIDE RÉFRIGÉRÉ;3A; 
1973;CHLORODIFLUORO-MÉTHANE ET CHLOROPENTAFLUOR-ÉTHANE EN MÉLANGE à point d'ébullition fixe contenant environ 49% de chlorodifluorométhane (GAZ RÉFRIGÉRANT R 502);2A; 
1974;BROMOCHLORODI-FLUOROMÉTHANE (GAZ RÉFRIGÉRANT R 12B1);2A; 
1976;OCTAFLUOROCYCLO-BUTANE (GAZ RÉFRIGÉRANT RC 318);2A; 
1977;AZOTE LIQUIDE RÉFRIGÉRÉ;3A; 
1982;TÉTRAFLUOROMÉTHANE (GAZ RÉFRIGÉRANT R 14);2A; 
1983;CHLORO-1 TRIFLUORO-222 ÉTHANE (GAZ RÉFRIGÉRANT R 133a);2A; 
1984;TRIFLUOROMÉTHANE (GAZ RÉFRIGÉRANT R 23);2A; 
1986;ALCOOLS INFLAMMABLES TOXIQUES N.S.A.;FT1;2
1986;ALCOOLS INFLAMMABLES TOXIQUES N.S.A.;FT1;3
1987;ALCOOLS N.S.A.;F1;3
1987;ALCOOLS N.S.A. (pression de vapeur à 50 °C inférieure ou égale à 110 kPa);F1;2
1987;ALCOOLS N.S.A. (pression de vapeur à 50 °C supérieure à 110 kPa);F1;2
1988;ALDÉHYDES INFLAMMABLES TOXIQUES N.S.A.;FT1;2
1988;ALDÉHYDES INFLAMMABLES TOXIQUES N.S.A.;FT1;3
1989;ALDÉHYDES N.S.A.;F1;3
1989;ALDÉHYDES N.S.A. (pression de vapeur à 50 °C inférieure ou égale à 110 kPa);F1;2
1989;ALDÉHYDES N.S.A. (pression de vapeur à 50 °C supérieure à 110 kPa);F1;2
1990;BENZALDÉHYDE;M11;3
1992;LIQUIDE INFLAMMABLE TOXIQUE N.S.A.;FT1;2
1992;LIQUIDE INFLAMMABLE TOXIQUE N.S.A.;FT1;3
1993;LIQUIDE INFLAMMABLE N.S.A. ;F1;3
1993;LIQUIDE INFLAMMABLE N.S.A. (ayant un point d¿éclair inférieur à 23 °C et visqueux selon 2.2.3.1.4) (pression de vapeur à 50 °C inférieure ou égale à 110 kPa);F1;3
1993;LIQUIDE INFLAMMABLE N.S.A. (ayant un point d¿éclair inférieur à 23 °C et visqueux selon 2.2.3.1.4) (pression de vapeur à 50 °C supérieure à 110 kPa point d'ébullition supérieur à 35 °C);F1;3
1993;LIQUIDE INFLAMMABLE, N.S.A. (pression de vapeur à 50 °C inférieure ou égale à 110 kPa);F1;2
1993;LIQUIDE INFLAMMABLE, N.S.A. (pression de vapeur à 50 °C supérieure à 110 kPa);F1;2
1999;GOUDRONS LIQUIDES y compris les liants routiers et les cut backs bitumineux ;F1;3
1999;GOUDRONS LIQUIDES y compris les liants routiers et les cut backs bitumineux (ayant un point d¿éclair inférieur à 23 °C et visqueux selon 2.2.3.1.4) (pression de vapeur à 50 °C inférieure ou égale à 110 kPa);F1;3
1999;GOUDRONS LIQUIDES y compris les liants routiers et les cut backs bitumineux (ayant un point d¿éclair inférieur à 23 °C et visqueux selon 2.2.3.1.4) (pression de vapeur à 50 °C supérieure à 110 kPa point d'ébullition supérieur à 35 °C);F1;3
1999;GOUDRONS LIQUIDES y compris les liants routiers et les cut backs bitumineux (pression de vapeur à 50 °C inférieure ou égale à 110 kPa);F1;2
1999;GOUDRONS LIQUIDES y compris les liants routiers et les cut backs bitumineux (pression de vapeur à 50 °C supérieure à 110 kPa);F1;2
2000;CELLULOÏD en blocs barres rouleaux feuilles tubes etc. (à l'exclusion des déchets);F1;3
2001;NAPHTÉNATES DE COBALT EN POUDRE;F3;3
2014;PEROXYDE D'HYDROGÈNE EN SOLUTION AQUEUSE contenant au moins 20% mais au maximum 60% de peroxyde d'hydrogène (stabilisée selon les besoins);OC1;2
2018;CHLORANILINES SOLIDES;T2;2
2019;CHLORANILINES LIQUIDES;T1;2
2020;CHLOROPHÉNOLS SOLIDES;T2;3
2021;CHLOROPHÉNOLS LIQUIDES;T1;3
2022;ACIDE CRÉSILIQUE;TC1;2
2023;ÉPICHLORHYDRINE;TF1;2
2024;COMPOSÉ LIQUIDE DU MERCURE N.S.A.;T4;2
2024;COMPOSÉ LIQUIDE DU MERCURE N.S.A.;T4;3
2025;COMPOSÉ SOLIDE DE MERCURE N.S.A.;T5;2
2025;COMPOSÉ SOLIDE DE MERCURE N.S.A.;T5;3
2026;COMPOSÉ PHÉNYLMERCURIQUE N.S.A.;T3;2
2026;COMPOSÉ PHÉNYLMERCURIQUE N.S.A.;T3;3
2027;ARSÉNITE DE SODIUM SOLIDE;T5;2
2030;HYDRAZINE EN SOLUTION AQUEUSE contenant plus de 37% (masse) d'hydrazine ;CT1;2
2030;HYDRAZINE EN SOLUTION AQUEUSE contenant plus de 37% (masse) d'hydrazine ;CT1;3
2031;ACIDE NITRIQUE à l'exclusion de l'acide nitrique fumant rouge contenant au moins 65% mais au plus 70% d'acide nitrique;CO1;2
2031;ACIDE NITRIQUE à l'exclusion de l'acide nitrique fumant rouge contenant moins de 65% d'acide nitrique;C1;2
2033;MONOXYDE DE POTASSIUM;C6;2
2036;XENON;2A; 
2037;RÉCIPIENTS DE FAIBLE CAPACITÉ CONTENANT DU GAZ (CARTOUCHES À GAZ) sans dispositif de détente non rechargeables;5A; 
2037;RÉCIPIENTS DE FAIBLE CAPACITÉ CONTENANT DU GAZ (CARTOUCHES À GAZ) sans dispositif de détente non rechargeables;5F; 
2037;RÉCIPIENTS DE FAIBLE CAPACITÉ CONTENANT DU GAZ (CARTOUCHES À GAZ) sans dispositif de détente non rechargeables;5O; 
2037;RÉCIPIENTS DE FAIBLE CAPACITÉ CONTENANT DU GAZ (CARTOUCHES À GAZ) sans dispositif de détente non rechargeables;5T; 
2037;RÉCIPIENTS DE FAIBLE CAPACITÉ CONTENANT DU GAZ (CARTOUCHES À GAZ) sans dispositif de détente non rechargeables;5TC; 
2037;RÉCIPIENTS DE FAIBLE CAPACITÉ CONTENANT DU GAZ (CARTOUCHES À GAZ) sans dispositif de détente non rechargeables;5TF; 
2037;RÉCIPIENTS DE FAIBLE CAPACITÉ CONTENANT DU GAZ (CARTOUCHES À GAZ) sans dispositif de détente non rechargeables;5TFC; 
2037;RÉCIPIENTS DE FAIBLE CAPACITÉ CONTENANT DU GAZ (CARTOUCHES À GAZ) sans dispositif de détente non rechargeables;5TO; 
2037;RÉCIPIENTS DE FAIBLE CAPACITÉ CONTENANT DU GAZ (CARTOUCHES À GAZ) sans dispositif de détente non rechargeables;5TOC; 
2038;DINITROTOLUÈNES LIQUIDES;T1;2
2045;ISOBUTYRALDÉHYDE (ALDÉHYDE ISOBUTYRIQUE);F1;2
2046;CYMÈNES;F1;3
2047;DICHLOROPROPÈNES;F1;2
2047;DICHLOROPROPÈNES;F1;3
2048;DICYCLOPENTADIÈNE;F1;3
2049;DIÉTHYLBENZÈNE;F1;3
2050;COMPOSÉS ISOMERIQUES DU DIISOBUTYLÈNE;F1;2
2051;DIMÉTHYLAMINO-2 ÉTHANOL;CF1;2
2052;DIPENTÈNE;F1;3
2053;ALCOOL MÉTHYLAMYLIQUE;F1;3
2055;STYRÈNE MONOMÈRE STABILISÉ;F1;3
2056;TÉTRAHYDROFURANNE;F1;2
2057;TRIPROPYLÈNE;F1;2
2057;TRIPROPYLÈNE;F1;3
2058;VALÉRALDÉHYDE;F1;2
2059;NITROCELLULOSE EN SOLUTION INFLAMMABLE contenant au plus 126% (rapporté à la masse sèche) d'azote et 55% de nitrocellulose;D;3
2059;NITROCELLULOSE EN SOLUTION INFLAMMABLE contenant au plus 126% (rapporté à la masse sèche) d'azote et 55% de nitrocellulose (pression de vapeur à 50 °C inférieure ou égale à 110 kPa);D;2
2059;NITROCELLULOSE EN SOLUTION INFLAMMABLE contenant au plus 126% (rapporté à la masse sèche) d'azote et 55% de nitrocellulose (pression de vapeur à 50 °C supérieure à 110 kPa);D;2
2067;ENGRAIS AU NITRATE D'AMMONIUM;O2;3
2073;AMMONIAC EN SOLUTION AQUEUSE de densité relative inférieure à 0,880 à 15 °C contenant plus de 35% mais au plus 50% d'ammoniac;4A; 
2074;ACRYLAMIDE SOLIDE;T2;3
2075;CHLORAL ANHYDRE STABILISÉ;T1;2
2076;CRÉSOLS LIQUIDES;TC1;2
2077;alpha-NAPHTYLAMINE;T2;3
2078;DIISOCYANATE DE TOLUÈNE;T1;2
2079;DIÉTHYLÈNETRIAMINE;C7;2
2187;DIOXYDE DE CARBONE LIQUIDE RÉFRIGÉRÉ;3A; 
2193;HEXAFLUORÉTHANE (GAZ RÉFRIGÉRANT R 116);2A; 
2205;ADIPONITRILE;T1;3
2206;ISOCYANATES TOXIQUES N.S.A. ou ISOCYANATE TOXIQUE EN SOLUTION N.S.A.;T1;2
2206;ISOCYANATES TOXIQUES N.S.A. ou ISOCYANATE TOXIQUE EN SOLUTION N.S.A.;T1;3
2208;HYPOCHLORITE DE CALCIUM EN MÉLANGE SEC contenant plus de 10% mais 39% au maximum de chlore actif;O2;3
2209;FORMALDÉHYDE EN SOLUTION contenant au moins 25% de formaldéhyde;C9;3
2211;POLYMÈRES EXPANSIBLES EN GRANULÉS dégageant des vapeurs inflammables;M3;3
2212;AMIANTE BLEU (crocidolite) ou AMIANTE BRUN (amosite ou mysorite);M1;2
2213;PARAFORMALDÉHYDE;F1;3
2214;ANHYDRIDE PHTALIQUE contenant plus de 005% d'anhydride maléique;C4;3
2215;ANHYDRIDE MALÉIQUE;C4;3
2218;ACIDE ACRYLIQUE STABILISÉ;CF1;2
2219;ÉTHER ALLYLGLYCIDIQUE;F1;3
2222;ANISOLE;F1;3
2224;BENZONITRILE;T1;2
2225;CHLORURE DE BENZÈNESULFONYLE;C3;3
2226;CHLORURE DE BENZYLIDYNE;C9;2
2227;MÉTHACRYLATE DE n-BUTYLE STABILISÉ;F1;3
2233;CHLORANISIDINES;T2;3
2234;FLUORURES DE CHLOROBENZYLIDYNE;F1;3
2235;CHLORURES DE CHLOROBENZYLE LIQUIDES;T1;3
2236;ISOCYANATE DE CHLORO-3 MÉTHYL-4 PHÉNYLE LIQUIDE;T1;2
2237;CHLORONITRANILINES;T2;3
2238;CHLOROTOLUÈNES;F1;3
2239;CHLOROTOLUIDINES SOLIDES;T2;3
2241;CYCLOHEPTANE;F1;2
2242;CYCLOHEPTÈNE;F1;2
2243;ACÉTATE DE CYCLOHEXYLE;F1;3
2244;CYCLOPENTANOL;F1;3
2245;CYCLOPENTANONE;F1;3
2246;CYCLOPENTÈNE;F1;2
2247;n-DÉCANE;F1;3
2248;DI-n-BUTYLAMINE;CF1;2
2250;ISOCYANATES DE DICHLOROPHÉNYLE;T2;2
2251;BICYCLO [2.2.1] HEPTADIÈNE-25 STABILISÉ (NORBORNADIÈNE-25 STABILISÉ);F1;2
2252;DIMÉTHOXY-12 ÉTHANE;F1;2
2253;NN-DIMÉTHYLANILINE;T1;2
2254;ALLUMETTES-TISONS;F1;3
2256;CYCLOHEXÈNE;F1;2
2258;PROPYLÈNE-12 DIAMINE;CF1;2
2259;TRIÉTHYLÈNE-TÉTRAMINE;C7;2
2260;TRIPROPYLAMINE;FC;3
2261;XYLÉNOLS SOLIDES;T2;2
2262;CHLORURE DE DIMÉTHYLCARBAMOYLE;C3;2
2263;DIMÉTHYLCYCLO-HEXANES;F1;2
2264;NN-DIMÉTHYLCYCLO-HEXYLAMINE;CF1;2
2265;NN-DIMÉTHYL-FORMAMIDE;F1;3
2266;NN-DIMÉTHYL-PROPYLAMINE;FC;2
2267;CHLORURE DE DIMÉTHYLTHIO-PHOSPHORYLE;TC1;2
2269;IMINOBISPROPYLAMINE-33';C7;3
2270;ÉTHYLAMINE EN SOLUTION AQUEUSE contenant au moins 50% mais au maximum 70% (masse) d'éthylamine;FC;2
2271;ÉTHYLAMYLCÉTONE;F1;3
2272;N-ÉTHYLANILINE;T1;3
2273;ÉTHYL-2 ANILINE;T1;3
2274;N-ÉTHYL N-BENZYLANILINE;T1;3
2275;ÉTHYL-2 BUTANOL;F1;3
2276;ÉTHYL-2 HEXYLAMINE;FC;3
2277;MÉTHACRYLATE D'ÉTHYLE STABILISÉ;F1;2
2278;n-HEPTÈNE;F1;2
2279;HEXACHLORO-BUTADIÈNE;T1;3
2280;HEXAMÉTHYLÈNE-DIAMINE SOLIDE;C8;3
2281;DIISOCYANATE D'HEXAMÉTHYLÈNE;T1;2
2282;HEXANOLS;F1;3
2283;MÉTHACRYLATE D'ISOBUTYLE STABILISÉ;F1;3
2284;ISOBUTYRONITRILE;FT1;2
2285;FLUORURES D'ISOCYA-NATOBENZYLIDYNE;TF1;2
2286;PENTAMÉTHYLHEPTANE;F1;3
2287;ISOHEPTÈNES;F1;2
2288;ISOHEXÈNES;F1;2
2289;ISOPHORONEDIAMINE;C7;3
2290;DIISOCYANATE D'ISOPHORONE;T1;3
2291;COMPOSÉ SOLUBLE DU PLOMB N.S.A.;T5;3
2293;METHOXY-4 MÉTHYL-4 PENTANONE-2;F1;3
2294;N-MÉTHYLANILINE;T1;3
2296;MÉTHYLCYCLOHEXANE;F1;2
2297;MÉTHYLCYCLO-HEXANONE;F1;3
2298;MÉTHYLCYCLO- PENTANE;F1;2
2299;DICHLORACÉTATE DE MÉTHYLE;T1;3
2300;MÉTHYL-2 ÉTHYL-5 PYRIDINE;T1;3
2301;MÉTHYL-2 FURANNE;F1;2
2302;MÉTHYL-5 HEXANONE-2;F1;3
2303;ISOPROPÉNYLBENZÈNE;F1;3
2305;ACIDE NITROBENZÈNE-SULFONIQUE;C4;2
2306;FLUORURES DE NITROBENZYLIDYNE LIQUIDES;T1;2
2307;FLUORURE DE NITRO-3 CHLORO-4 BENZYLIDYNE;T1;2
2308;HYDROGÉNOSULFATE DE NITROSYLE LIQUIDE;C1;2
2309;OCTADIÈNES;F1;2
2310;PENTANEDIONE-24;FT1;3
2311;PHÉNÉTIDINES;T1;3
2313;PICOLINES;F1;3
2315;DIPHÉNYLES POLYCHLORÉS LIQUIDES;M2;2
2319;HYDROCARBURES TERPENIQUES N.S.A.;F1;3
2320;TÉTRAÉTHYLÈNE-PENTAMINE;C7;3
2321;TRICHLOROBENZÈNES LIQUIDES;T1;3
2322;TRICHLOROBUTÈNE;T1;2
2323;PHOSPHITE DE TRIÉTHYLE;F1;3
2324;TRIISOBUTYLÈNE;F1;3
2325;TRIMÉTHYL-135 BENZÈNE;F1;3
2326;TRIMÉTHYLCYCLO-HEXYLAMINE;C7;3
2327;TRIMÉTHYLHEXA-MÉTHYLÈNEDIAMINES;C7;3
2328;DIISOCYANATE DE TRIMÉTHYLHEXA-MÉTHYLÈNE;T1;3
2329;PHOSPHITE DE TRIMÉTHYLE;F1;3
2330;UNDECANE;F1;3
2331;CHLORURE DE ZINC ANHYDRE;C2;3
2332;ACÉTALDOXIME;F1;3
2333;ACÉTATE D'ALLYLE;FT1;2
2335;ÉTHER ALLYLÉTHYLIQUE;FT1;2
2338;FLUORURE DE BENZYLIDYNE;F1;2
2339;BROMO-2 BUTANE;F1;2
2340;ÉTHER BROMO-2 ÉTHYLÉTHYLIQUE;F1;2
2341;BROMO-1 MÉTHYL-3 BUTANE;F1;3
2342;BROMOMÉTHYL-PROPANES;F1;2
2343;BROMO-2 PENTANE;F1;2
2344;BROMOPROPANES;F1;2
2344;BROMOPROPANES;F1;3
2345;BROMO-3 PROPYNE;F1;2
2346;BUTANEDIONE;F1;2
2347;MERCAPTAN BUTYLIQUE;F1;2
2348;ACRYLATES DE BUTYLE STABILISÉS;F1;3
2350;ÉTHER BUTYLMÉTHYLIQUE;F1;2
2351;NITRITES DE BUTYLE;F1;2
2351;NITRITES DE BUTYLE;F1;3
2352;ÉTHER BUTYLVINYLIQUE STABILISÉ;F1;2
2353;CHLORURE DE BUTYRYLE;FC;2
2354;ÉTHER CHLORO-MÉTHYLÉTHYLIQUE;FT1;2
2357;CYCLOHEXYLAMINE;CF1;2
2358;CYCLOOCTATÉTRAÈNE;F1;2
2359;DIALLYLAMINE;FTC;2
2360;ÉTHER DIALLYLIQUE;FT1;2
2361;DIISOBUTYLAMINE;FC;3
2362;DICHLORO-11 ÉTHANE;F1;2
2364;n-PROPYLBENZÈNE;F1;3
2366;CARBONATE D'ÉTHYLE;F1;3
2367;alpha-MÉTHYL-VALÉRALDÉHYDE;F1;2
2368;alpha-PINÈNE;F1;3
2370;HEXÈNE-1;F1;2
2372;BIS (DIMÉTHYLAMINO)-12 ÉTHANE;F1;2
2373;DIÉTHOXYMÉTHANE;F1;2
2374;DIÉTHOXY-33 PROPÈNE;F1;2
2375;SULFURE D'ÉTHYLE;F1;2
2376;DIHYDRO-23 PYRANNE;F1;2
2377;DIMETHOXY-11 ÉTHANE;F1;2
2378;DIMÉTHYLAMINO-ACÉTONITRILE;FT1;2
2379;DIMÉTHYL-13 BUTYLAMINE;FC;2
2380;DIMÉTHYLDIÉTHOXY-SILANE;F1;2
2381;DISULFURE DE DIMÉTHYLE;F1;2
2383;DIPROPYLAMINE;FC;2
2384;ÉTHER DI-n-PROPYLIQUE;F1;2
2385;ISOBUTYRATE D'ÉTHYLE;F1;2
2386;ÉTHYL-1 PIPÉRIDINE;FC;2
2387;FLUOROBENZÈNE;F1;2
2388;FLUOROTOLUÈNES;F1;2
2390;IODO-2 BUTANE;F1;2
2391;IODOMÉTHYLPROPANES;F1;2
2392;IODOPROPANES;F1;3
2393;FORMIATE D'ISOBUTYLE;F1;2
2394;PROPIONATE D'ISOBUTYLE;F1;3
2395;CHLORURE D'ISOBUTYRYLE;FC;2
2396;MÉTHYLACROLÉINE STABILISÉE;FT1;2
2397;MÉTHYL-3 BUTANONE-2;F1;2
2398;ÉTHER MÉTHYL tert-BUTYLIQUE;F1;2
2399;MÉTHYL-1 PIPÉRIDINE;FC;2
2400;ISOVALÉRATE DE MÉTHYLE;F1;2
2402;PROPANETHIOLS;F1;2
2403;ACÉTATE D'ISOPROPÉNYLE;F1;2
2404;PROPIONITRILE;FT1;2
2405;BUTYRATE D'ISOPROPYLE;F1;3
2406;ISOBUTYRATE D'ISOPROPYLE;F1;2
2409;PROPIONATE D'ISOPROPYLE;F1;2
2410;TÉTRAHYDRO-1236 PYRIDINE;F1;2
2411;BUTYRONITRILE;FT1;2
2412;TÉTRAHYDROTHIOPHÈNE;F1;2
2413;ORTHOTITANATE DE PROPYLE;F1;3
2414;THIOPHÈNE;F1;2
2416;BORATE DE TRIMÉTHYLE;F1;2
2422;OCTAFLUOROBUTÈNE-2 (GAZ RÉFRIGÉRANT R 1318);2A; 
2424;OCTAFLUOROPROPANE (GAZ RÉFRIGÉRANT R 218);2A; 
2427;CHLORATE DE POTASSIUM EN SOLUTION AQUEUSE;O1;2
2427;CHLORATE DE POTASSIUM EN SOLUTION AQUEUSE;O1;3
2428;CHLORATE DE SODIUM EN SOLUTION AQUEUSE;O1;2
2428;CHLORATE DE SODIUM EN SOLUTION AQUEUSE;O1;3
2429;CHLORATE DE CALCIUM EN SOLUTION AQUEUSE;O1;2
2429;CHLORATE DE CALCIUM EN SOLUTION AQUEUSE;O1;3
2430;ALKYLPHÉNOLS SOLIDES N.S.A. (y compris les homologues C2 à C12 );C4;3
2430;ALKYLPHÉNOLS SOLIDES N.S.A. (y compris les homologues C2 à C12 );C4;2
2431;ANISIDINES;T1;3
2432;NN-DIÉTHYLANILINE;T1;3
2433;CHLORONITROTOLUÈNES LIQUIDES;T1;3
2436;ACIDE THIOACÉTIQUE;F1;2
2439;HYDROGÉNODIFLUORURE DE SODIUM;C2;2
2440;CHLORURE D'ÉTAIN IV PENTAHYDRATÉ;C2;3
2443;OXYTRICHLORURE DE VANADIUM;C1;2
2446;NITROCRÉSOLS SOLIDES;T2;3
2457;DIMÉTHYL-23 BUTANE;F1;2
2458;HEXADIÈNES;F1;2
2460;MÉTHYL-2 BUTÈNE-2;F1;2
2461;MÉTHYLPENTADIÈNES;F1;2
2464;NITRATE DE BÉRYLLIUM;OT2;2
2465;ACIDE DICHLORO-ISOCYANURIQUE SEC ou SELS DE L'ACIDE DICHLORO-ISOCYANURIQUE;O2;2
2468;ACIDE TRICHLORO-ISOCYANURIQUE SEC;O2;2
2469;BROMATE DE ZINC;O2;3
2470;PHÉNYLACÉTONITRILE LIQUIDE;T1;3
2473;ARSANILATE DE SODIUM;T3;3
2475;TRICHLORURE DE VANADIUM;C2;3
2478;ISOCYANATES INFLAMMABLES TOXIQUES N.S.A. ou ISOCYANATE EN SOLUTION INFLAMMABLE TOXIQUE N.S.A.;FT1;2
2478;ISOCYANATES INFLAMMABLES TOXIQUES N.S.A. ou ISOCYANATES EN SOLUTION INFLAMMABLE TOXIQUE N.S.A.;FT1;3
2490;ÉTHER DICHLORO-ISOPROPYLIQUE;T1;2
2491;ÉTHANOLAMINE ou ÉTHANOLAMINE EN SOLUTION;C7;3
2493;HEXAMÉTHYLÈNEIMINE;FC;2
2496;ANHYDRIDE PROPIONIQUE;C3;3
2498;TÉTRAHYDRO-1236 BENZALDÉHYDE;F1;3
2501;OXYDE DE TRIS (AZIRIDINYL-1) PHOSPHINE EN SOLUTION;T1;2
2501;OXYDE DE TRIS (AZIRIDINYL-1) PHOSPHINE EN SOLUTION;T1;3
2502;CHLORURE DE VALÉRYLE;CF1;2
2503;TÉTRACHLORURE DE ZIRCONIUM;C2;3
2504;TÉTRABROMÉTHANE;T1;3
2505;FLUORURE D'AMMONIUM;T5;3
2506;HYDROGÉNOSULFATE D'AMMONIUM;C2;2
2507;ACIDE CHLOROPLATINIQUE SOLIDE;C2;3
2508;PENTACHLORURE DE MOLYBDÈNE;C2;3
2509;HYDROGÉNOSULFATE DE POTASSIUM;C2;2
2511;ACIDE CHLORO-2 PROPIONIQUE ;C3;3
2512;AMINOPHÉNOLS (o-, m-, p-);T2;3
2513;BROMURE DE BROMACÉTYLE;C3;2
2514;BROMOBENZÈNE;F1;3
2515;BROMOFORME;T1;3
2516;TÉTRABROMURE DE CARBONE;T2;3
2518;CYCLODODÉCATRIÈNE-159;T1;3
2520;CYCLOOCTADIÈNES;F1;3
2522;MÉTHACRYLATE DE 2-DIMÉTHYLAMINOÉTHYLE;T1;2
2524;ORTHOFORMIATE D'ÉTHYLE;F1;3
2525;OXALATE D'ÉTHYLE;T1;3
2526;FURFURYLAMINE;FC;3
2527;ACRYLATE D'ISOBUTYLE STABILISÉ;F1;3
2528;ISOBUTYRATE D'ISOBUTYLE;F1;3
2529;ACIDE ISOBUTYRIQUE;FC;3
2531;ACIDE MÉTHACRYLIQUE STABILISÉ;C3;2
2533;TRICHLORACÉTATE DE MÉTHYLE;T1;3
2535;4-MÉTHYLMORPHOLINE (N-MÉTHYLMORPHOLINE);FC;2
2536;MÉTHYLTÉTRAHYDRO-FURANNE;F1;2
2538;NITRONAPHTALÈNE;F1;3
2541;TERPINOLÈNE;F1;3
2542;TRIBUTYLAMINE;T1;2
2552;HYDRATE D'HEXAFLUORACÉTONE LIQUIDE;T1;2
2554;CHLORURE DE MÉTHYLALLYLE;F1;2
2560;MÉTHYL-2 PENTANOL-2;F1;3
2564;ACIDE TRICHLORACÉTIQUE EN SOLUTION;C3;2
2564;ACIDE TRICHLORACÉTIQUE EN SOLUTION;C3;3
2565;DICYCLOHEXYLAMINE;C7;3
2567;PENTACHLOROPHÉNATE DE SODIUM;T2;2
2570;COMPOSÉ DU CADMIUM;T5;2
2570;COMPOSÉ DU CADMIUM;T5;3
2571;ACIDES ALKYLSULFURIQUES;C3;2
2572;PHÉNYLHYDRAZINE;T1;2
2573;CHLORATE DE THALLIUM;OT2;2
2574;PHOSPHATE DE TRICRÉSYLE avec plus de 3% d'isomère ortho;T1;2
2577;CHLORURE DE PHÉNYLACÉTYLE;C3;2
2578;TRIOXYDE DE PHOSPHORE;C2;3
2579;PIPÉRAZINE;C8;3
2580;BROMURE D'ALUMINIUM EN SOLUTION;C1;3
2581;CHLORURE D'ALUMINIUM EN SOLUTION;C1;3
2582;CHLORURE DE FER III EN SOLUTION;C1;3
2583;ACIDES ALKYLSULFONIQUES SOLIDES ou ACIDES ARYLSULFONIQUES SOLIDES contenant plus de 5% d'acide sulfurique libre;C2;2
2584;ACIDES ALKYLSULFONIQUES LIQUIDES ou ACIDES ARYLSULFONIQUES LIQUIDES contenant plus de 5% d'acide sulfurique libre;C1;2
2585;ACIDES ALKYLSULFONIQUES SOLIDES ou ACIDES ARYLSULFONIQUES SOLIDES contenant au plus 5% d'acide sulfurique libre;C4;3
2586;ACIDES ALKYLSULFONIQUES LIQUIDES ou ACIDES ARYLSULFONIQUES LIQUIDES contenant au plus 5% d'acide sulfurique libre;C3;3
2587;BENZOQUINONE;T2;2
2588;PESTICIDE SOLIDE TOXIQUE N.S.A.;T7;2
2588;PESTICIDE SOLIDE TOXIQUE N.S.A.;T7;3
2589;CHLORACÉTATE DE VINYLE;TF1;2
2591;XÉNON LIQUIDE RÉFRIGÉRÉ;3A; 
2599;CHLOROTRIFLUORO-MÉTHANE ET TRIFLUOROMÉTHANE EN MÉLANGE AZÉOTROPE contenant environ 60% de chlorotrifluorométhane (GAZ RÉFRIGÉRANT R 503);2A; 
2602;DICHLORODIFLUORO-MÉTHANE ET DIFLUORO-11 ÉTHANE EN MÉLANGE AZÉOTROPE contenant environ 74% de dichloro-difluorométhane (GAZ RÉFRIGÉRANT R 500);2A; 
2603;CYCLOHEPTATRIÈNE;FT1;2
2607;ACROLÉINE DIMÈRE STABILISÉ;F1;3
2608;NITROPROPANES;F1;3
2609;BORATE DE TRIALLYLE;T1;3
2610;TRIALLYLAMINE;FC;3
2611;CHLORO-1 PROPANOL-2;TF1;2
2612;ÉTHER MÉTHYLPROPYLIQUE;F1;2
2614;ALCOOL MÉTHALLYLIQUE;F1;3
2615;ÉTHER ÉTHYLPROPYLIQUE;F1;2
2616;BORATE DE TRIISOPROPYLE;F1;2
2616;BORATE DE TRIISOPROPYLE;F1;3
2617;MÉTHYLCYCLO-HEXANOLS inflammables;F1;3
2618;VINYLTOLUÈNES STABILISÉS;F1;3
2619;BENZYLDIMÉTHYLAMINE;CF1;2
2620;BUTYRATES D'AMYLE;F1;3
2621;ACÉTYLMÉTHYL-CARBINOL;F1;3
2622;GLYCIDALDÉHYDE;FT1;2
2623;ALLUME-FEU SOLIDES imprégnés de liquide inflammable;F1;3
2624;SILICIURE DE MAGNÉSIUM;W2;2
2626;ACIDE CHLORIQUE EN SOLUTION AQUEUSE contenant au plus 10% d'acide chlorique;O1;2
2627;NITRITES INORGANIQUES N.S.A.;O2;2
2643;BROMACÉTATE DE MÉTHYLE;T1;2
2645;BROMURE DE PHÉNACYLE;T2;2
2647;MALONITRILE;T2;2
2648;DIBROMO-1,2 BUTANONE-3;T1;2
2649;DICHLORO-13 ACÉTONE;T2;2
2650;DICHLORO-11 NITRO-1 ÉTHANE;T1;2
2651;DIAMINO-44' DIPHÉNYLMÉTHANE;T2;3
2653;IODURE DE BENZYLE;T1;2
2655;FLUOROSILICATE DE POTASSIUM;T5;3
2656;QUINOLÉINE;T1;3
2657;DISULFURE DE SÉLÉNIUM;T5;2
2659;CHLORACÉTATE DE SODIUM;T2;3
2660;MONONITROTOLUIDINES;T2;3
2661;HEXACHLORACÉTONE;T1;3
2664;DIBROMOMÉTHANE;T1;3
2667;BUTYLTOLUÈNES;T1;3
2669;CHLOROCRÉSOLS EN SOLUTION;T1;2
2669;CHLOROCRÉSOLS EN SOLUTION;T1;3
2670;CHLORURE CYANURIQUE;C4;2
2671;AMINOPYRIDINES (o-, m-, p-);T2;2
2672;AMMONIAC EN SOLUTION aqueuse de densité relative comprise entre 0880 et 0957 à 15 °C contenant plus de 10% mais pas plus de 35% d'ammoniac;C5;3
2673;AMINO-2 CHLORO-4 PHÉNOL;T2;2
2674;FLUOROSILICATE DE SODIUM;T5;3
2677;HYDROXYDE DE RUBIDIUM EN SOLUTION;C5;2
2677;HYDROXYDE DE RUBIDIUM EN SOLUTION;C5;3
2678;HYDROXYDE DE RUBIDIUM;C6;2
2679;HYDROXYDE DE LITHIUM EN SOLUTION;C5;2
2679;HYDROXYDE DE LITHIUM EN SOLUTION;C5;3
2680;HYDROXYDE DE LITHIUM;C6;2
2681;HYDROXYDE DE CÉSIUM EN SOLUTION;C5;2
2681;HYDROXYDE DE CÉSIUM EN SOLUTION;C5;3
2682;HYDROXYDE DE CÉSIUM;C6;2
2683;SULFURE D'AMMONIUM EN SOLUTION;CFT;2
2684;3-DIÉTHYLAMINO-PROPYLAMINE;FC;3
2685;NN-DIÉTHYL-ÉTHYLÈNEDIAMINE;CF1;2
2686;DIÉTHYLAMINO-2 ÉTHANOL;CF1;2
2687;NITRITE DE DICYCLO-HEXYLAMMONIUM;F3;3
2688;BROMO-1 CHLORO-3 PROPANE;T1;3
2689;alpha-MONOCHLORHYDRINE DU GLYCÉROL;T1;3
2690;Nn-BUTYLIMIDAZOLE;T1;2
2691;PENTABROMURE DE PHOSPHORE;C2;2
2693;HYDROGÉNOSULFITES EN SOLUTION AQUEUSE N.S.A.;C1;3
2698;ANHYDRIDES TÉTRA-HYDROPHTALIQUES contenant plus de 005% d'anhydride maléique;C4;3
2705;PENTOL-1;C9;2
2707;DIMÉTHYLDIOXANNES;F1;2
2707;DIMÉTHYLDIOXANNES;F1;3
2709;BUTYLBENZÈNES;F1;3
2710;DIPROPYLCÉTONE;F1;3
2713;ACRIDINE;T2;3
2714;RÉSINATE DE ZINC;F3;3
2715;RÉSINATE D'ALUMINIUM;F3;3
2716;BUTYNEDIOL-14;T2;3
2717;CAMPHRE synthétique;F1;3
2719;BROMATE DE BARYUM;OT2;2
2720;NITRATE DE CHROME;O2;3
2721;CHLORATE DE CUIVRE;O2;2
2722;NITRATE DE LITHIUM;O2;3
2723;CHLORATE DE MAGNÉSIUM;O2;2
2724;NITRATE DE MANGANÈSE;O2;3
2725;NITRATE DE NICKEL;O2;3
2726;NITRITE DE NICKEL;O2;3
2727;NITRATE DE THALLIUM;TO2;2
2728;NITRATE DE ZIRCONIUM;O2;3
2729;HEXACHLOROBENZÈNE;T2;3
2730;NITRANISOLES LIQUIDES;T1;3
2732;NITROBROMOBENZÈNES LIQUIDES;T1;3
2733;AMINES INFLAMMABLES CORROSIVES N.S.A. ou POLYAMINES INFLAMMABLES CORROSIVES N.S.A.;FC;2
2733;AMINES INFLAMMABLES CORROSIVES N.S.A. ou POLYAMINES INFLAMMABLES CORROSIVES N.S.A.;FC;3
2734;AMINES LIQUIDES CORROSIVES INFLAMMABLES N.S.A. ou POLYAMINES LIQUIDES CORROSIVES INFLAMMABLES N.S.A.;CF1;2
2735;AMINES LIQUIDES CORROSIVES N.S.A. ou POLYAMINES LIQUIDES CORROSIVES N.S.A.;C7;2
2735;AMINES LIQUIDES CORROSIVES N.S.A. ou POLYAMINES LIQUIDES CORROSIVES N.S.A.;C7;3
2738;N-BUTYLANILINE;T1;2
2739;ANHYDRIDE BUTYRIQUE;C3;3
2741;HYPOCHLORITE DE BARYUM contenant plus de 22% de chlore actif;OT2;2
2742;CHLOROFORMIATES TOXIQUES CORROSIFS INFLAMMABLES N.S.A.;TFC;2
2743;CHLOROFORMIATE DE n-BUTYLE;TFC;2
2744;CHLOROFORMIATE DE CYCLOBUTYLE;TFC;2
2745;CHLOROFORMIATE DE CHLOROMÉTHYLE;TC1;2
2746;CHLOROFORMIATE DE PHÉNYLE;TC1;2
2747;CHLOROFORMIATE DE tert-BUTYLCYCLOHEXYLE;T1;3
2748;CHLOROFORMIATE D'ÉTHYL-2 HEXYLE;TC1;2
2750;DICHLORO-1,3 PROPANOL-2;T1;2
2751;CHLORURE DE DIÉTHYLTHIO-PHOSPHORYLE;C3;2
2752;ÉPOXY-12 ÉTHOXY-3 PROPANE;F1;3
2753;N-ÉTHYLBENZYL-TOLUIDINES LIQUIDES;T1;3
2754;N-ÉTHYLTOLUIDINES;T1;2
2757;CARBAMATE PESTICIDE SOLIDE TOXIQUE;T7;2
2757;CARBAMATE PESTICIDE SOLIDE TOXIQUE;T7;3
2758;CARBAMATE PESTICIDE LIQUIDE INFLAMMABLE TOXIQUE ayant un point d'éclair inférieur à 23 °C;FT2;2
2759;PESTICIDE ARSENICAL SOLIDE TOXIQUE;T7;2
2759;PESTICIDE ARSENICAL SOLIDE TOXIQUE;T7;3
2760;PESTICIDE ARSENICAL LIQUIDE INFLAMMABLE TOXIQUE ayant un point d'éclair inférieur à 23 °C;FT2;2
2761;PESTICIDE ORGANOCHLORÉ SOLIDE TOXIQUE;T7;2
2761;PESTICIDE ORGANOCHLORÉ SOLIDE TOXIQUE;T7;3
2762;PESTICIDE ORGANOCHLORÉ LIQUIDE INFLAMMABLE TOXIQUE ayant un point d'éclair inférieur à 23 °C;FT2;2
2763;TRIAZINE PESTICIDE SOLIDE TOXIQUE;T7;2
2763;TRIAZINE PESTICIDE SOLIDE TOXIQUE;T7;3
2764;TRIAZINE PESTICIDE LIQUIDE INFLAMMABLE TOXIQUE ayant un point d'éclair inférieur à 23 °C;FT2;2
2771;THIOCARBAMATE PESTICIDE SOLIDE TOXIQUE;T7;2
2771;THIOCARBAMATE PESTICIDE SOLIDE TOXIQUE;T7;3
2772;THIOCARBAMATE PESTICIDE LIQUIDE INFLAMMABLE TOXIQUE ayant un point d'éclair inférieur à 23 °C;FT2;2
2775;PESTICIDE CUIVRIQUE SOLIDE TOXIQUE;T7;2
2775;PESTICIDE CUIVRIQUE SOLIDE TOXIQUE;T7;3
2776;PESTICIDE CUIVRIQUE LIQUIDE INFLAMMABLE TOXIQUE ayant un point d'éclair inférieur à 23 °C;FT2;2
2777;PESTICIDE MERCURIEL SOLIDE TOXIQUE;T7;2
2777;PESTICIDE MERCURIEL SOLIDE TOXIQUE;T7;3
2778;PESTICIDE MERCURIEL LIQUIDE INFLAMMABLE TOXIQUE ayant un point d'éclair inférieur à 23 °C;FT2;2
2779;NITROPHÉNOL SUBSTITUÉ PESTICIDE SOLIDE TOXIQUE;T7;2
2779;NITROPHÉNOL SUBSTITUÉ PESTICIDE SOLIDE TOXIQUE;T7;3
2780;NITROPHÉNOL SUBSTITUÉ PESTICIDE LIQUIDE INFLAMMABLE TOXIQUE ayant un point d'éclair inférieur à 23 °C;FT2;2
2781;PESTICIDE BIPYRIDYLIQUE SOLIDE TOXIQUE;T7;2
2781;PESTICIDE BIPYRIDYLIQUE SOLIDE TOXIQUE;T7;3
2782;PESTICIDE BIPYRIDYLIQUE LIQUIDE INFLAMMABLE TOXIQUE ayant un point d'éclair inférieur à 23 °C;FT2;2
2783;PESTICIDE ORGANOPHOSPHORÉ SOLIDE TOXIQUE;T7;2
2783;PESTICIDE ORGANOPHOSPHORÉ SOLIDE TOXIQUE;T7;3
2784;PESTICIDE ORGANOPHOSPHORÉ LIQUIDE INFLAMMABLE TOXIQUE ayant un point d'éclair inférieur à 23 °C;FT2;2
2785;4-THIAPENTANAL (MÉTHYLTHIO-3 PROPANAL);T1;3
2786;PESTICIDE ORGANOSTANNIQUE SOLIDE TOXIQUE;T7;2
2786;PESTICIDE ORGANOSTANNIQUE SOLIDE TOXIQUE;T7;3
2787;PESTICIDE ORGANOSTANNIQUE LIQUIDE INFLAMMABLE TOXIQUE ayant un point d'éclair inférieur à 23 °C;FT2;2
2788;COMPOSÉ ORGANIQUE LIQUIDE DE L'ÉTAIN N.S.A.;T3;2
2788;COMPOSÉ ORGANIQUE LIQUIDE DE L'ÉTAIN N.S.A.;T3;3
2789;ACIDE ACÉTIQUE GLACIAL ou ACIDE ACÉTIQUE EN SOLUTION contenant plus de 80% (masse) d'acide;CF1;2
2790;ACIDE ACÉTIQUE EN SOLUTION contenant au moins 50% et au plus 80% (masse) d¿acide ;C3;2
2790;ACIDE ACÉTIQUE EN SOLUTION contenant plus de 10% et moins de 50% (masse) d¿acide;C3;3
2794;ACCUMULATEURS électriques REMPLIS D'ÉLECTROLYTE LIQUIDE ACIDE;C11; 
2795;ACCUMULATEURS électriques REMPLIS D'ÉLECTROLYTE LIQUIDE ALCALIN;C11; 
2796;ACIDE SULFURIQUE contenant au plus 51% d'acide ou ÉLECTROLYTE ACIDE POUR ACCUMULATEURS;C1;2
2797;ÉLECTROLYTE ALCALIN POUR ACCUMULATEURS;C5;2
2798;DICHLOROPHÉNYL- PHOSPHINE;C3;2
2799;DICHLORO(PHÉNYL)-THIOPHOSPHORE;C3;2
2800;ACCUMULATEURS électriques INVERSABLES REMPLIS D'ÉLECTROLYTE LIQUIDE;C11; 
2801;COLORANT LIQUIDE CORROSIF N.S.A. ou MATIÈRE INTERMÉDIAIRE LIQUIDE POUR COLORANT CORROSIVE N.S.A.;C9;2
2801;COLORANT LIQUIDE CORROSIF N.S.A. ou MATIÈRE INTERMÉDIAIRE LIQUIDE POUR COLORANT CORROSIVE N.S.A.;C9;3
2802;CHLORURE DE CUIVRE;C2;3
2803;GALLIUM;C10;3
2805;HYDRURE DE LITHIUM SOLIDE PIÈCES COULÉES;W2;2
2809;MERCURE;C9;3
2810;LIQUIDE ORGANIQUE TOXIQUE N.S.A.;T1;2
2810;LIQUIDE ORGANIQUE TOXIQUE N.S.A.;T1;3
2811;SOLIDE ORGANIQUE TOXIQUE N.S.A.;T2;2
2811;SOLIDE ORGANIQUE TOXIQUE N.S.A.;T2;3
2813;SOLIDE HYDRORÉACTIF N.S.A.;W2;2
2813;SOLIDE HYDRORÉACTIF N.S.A.;W2;3
2815;N-AMINOÉTHYL-PIPERAZINE;C7;3
2817;DIFLUORURE ACIDE D'AMMONIUM EN SOLUTION;CT1;2
2817;DIFLUORURE ACIDE D'AMMONIUM EN SOLUTION;CT1;3
2818;POLYSULFURE D'AMMONIUM EN SOLUTION;CT1;2
2818;POLYSULFURE D'AMMONIUM EN SOLUTION;CT1;3
2819;PHOSPHATE ACIDE D'AMYLE;C3;3
2820;ACIDE BUTYRIQUE;C3;3
2821;PHÉNOL EN SOLUTION;T1;2
2821;PHÉNOL EN SOLUTION;T1;3
2822;CHLORO-2-PYRIDINE;T1;2
2823;ACIDE CROTONIQUE SOLIDE;C4;3
2829;ACIDE CAPROÏQUE;C3;3
2830;SILICO-FERRO-LITHIUM;W2;2
2831;TRICHLORO-111 ÉTHANE;T1;3
2834;ACIDE PHOSPHOREUX;C2;3
2835;HYDRURE DE SODIUM-ALUMINIUM;W2;2
2837;HYDROGÉNOSULFATES EN SOLUTION AQUEUSE;C1;2
2837;HYDROGÉNOSULFATES EN SOLUTION AQUEUSE;C1;3
2838;BUTYRATE DE VINYLE STABILISÉ;F1;2
2839;ALDOL;T1;2
2840;BUTYRALDOXIME;F1;3
2841;DI-n-AMYLAMINE;FT1;3
2842;NITROÉTHANE;F1;3
2844;SILICO-MANGANO-CALCIUM;W2;3
2849;CHLORO-3 PROPANOL-1;T1;3
2850;TÉTRAPROPYLÈNE;F1;3
2851;TRIFLUORURE DE BORE DIHYDRATÉ;C1;2
2853;FLUOROSILICATE DE MAGNÉSIUM;T5;3
2854;FLUOROSILICATE D'AMMONIUM;T5;3
2855;FLUOROSILICATE DE ZINC;T5;3
2856;FLUOROSILICATES N.S.A.;T5;3
2858;ZIRCONIUM SEC sous forme de fils enroulés plaques métalliques ou de bandes (d'une épaisseur inférieure à 254 microns mais au minimum 18 microns);F3;3
2859;MÉTAVANADATE D'AMMONIUM;T5;2
2861;POLYVANADATE D'AMMONIUM;T5;2
2862;PENTOXYDE DE VANADIUM sous forme non fondue;T5;3
2863;VANADATE DOUBLE D'AMMONIUM ET DE SODIUM;T5;2
2864;MÉTAVANADATE DE POTASSIUM;T5;2
2865;SULFATE NEUTRE D'HYDROXYLAMINE;C2;3
2869;TRICHLORURE DE TITANE EN MÉLANGE;C2;2
2869;TRICHLORURE DE TITANE EN MÉLANGE;C2;3
2871;ANTIMOINE EN POUDRE;T5;3
2872;DIBROMOCHLORO-PROPANES;T1;2
2872;DIBROMOCHLORO-PROPANES;T1;3
2873;DIBUTYLAMINOÉTHANOL;T1;3
2874;ALCOOL FURFURYLIQUE;T1;3
2875;HEXACHLOROPHÈNE;T2;3
2876;RÉSORCINOL;T2;3
2878;ÉPONGE DE TITANE SOUS FORME DE GRANULES ou SOUS FORME DE POUDRE;F3;3
2880;HYPOCHLORITE DE CALCIUM HYDRATÉ ou HYPOCHLORITE DE CALCIUM EN MÉLANGE HYDRATÉ avec au moins 55% mais au plus 16% d¿eau;O2;2
2880;HYPOCHLORITE DE CALCIUM HYDRATÉ ou HYPOCHLORITE DE CALCIUM EN MÉLANGE HYDRATÉ avec au moins 55% mais au plus 16% d¿eau;O2;3
2902;PESTICIDE LIQUIDE TOXIQUE N.S.A.;T6;2
2902;PESTICIDE LIQUIDE TOXIQUE N.S.A.;T6;3
2903;PESTICIDE LIQUIDE TOXIQUE INFLAMMABLE N.S.A. ayant un point d'éclair égal ou supérieur à 23 °C;TF2;2
2903;PESTICIDE LIQUIDE TOXIQUE INFLAMMABLE N.S.A. ayant un point d'éclair égal ou supérieur à 23 °C;TF2;3
2904;CHLOROPHÉNOLATES LIQUIDES ou PHÉNOLATES LIQUIDES;C9;3
2905;CHLOROPHÉNOLATES SOLIDES ou PHÉNOLATES SOLIDES;C10;3
2920;LIQUIDE CORROSIF INFLAMMABLE N.S.A.;CF1;2
2921;SOLIDE CORROSIF INFLAMMABLE N.S.A.;CF2;2
2922;LIQUIDE CORROSIF TOXIQUE N.S.A.;CT1;2
2922;LIQUIDE CORROSIF TOXIQUE N.S.A.;CT1;3
2923;SOLIDE CORROSIF TOXIQUE N.S.A.;CT2;2
2923;SOLIDE CORROSIF TOXIQUE N.S.A.;CT2;3
2924;LIQUIDE INFLAMMABLE CORROSIF N.S.A.;FC;2
2924;LIQUIDE INFLAMMABLE CORROSIF N.S.A.;FC;3
2925;SOLIDE ORGANIQUE INFLAMMABLE CORROSIF N.S.A.;FC1;2
2925;SOLIDE ORGANIQUE INFLAMMABLE CORROSIF N.S.A.;FC1;3
2926;SOLIDE ORGANIQUE INFLAMMABLE TOXIQUE N.S.A.;FT1;2
2926;SOLIDE ORGANIQUE INFLAMMABLE TOXIQUE N.S.A.;FT1;3
2927;LIQUIDE ORGANIQUE TOXIQUE CORROSIF N.S.A.;TC1;2
2928;SOLIDE ORGANIQUE TOXIQUE CORROSIF N.S.A.;TC2;2
2929;LIQUIDE ORGANIQUE TOXIQUE INFLAMMABLE N.S.A.;TF1;2
2930;SOLIDE ORGANIQUE TOXIQUE INFLAMMABLE N.S.A.;TF3;2
2931;SULFATE DE VANADYLE;T5;2
2933;CHLORO-2 PROPIONATE DE MÉTHYLE;F1;3
2934;CHLORO-2 PROPIONATE D'ISOPROPYLE;F1;3
2935;CHLORO-2 PROPIONATE D'ÉTHYLE;F1;3
2936;ACIDE THIOLACTIQUE;T1;2
2937;ALCOOL alpha-MÉTHYLBENZYLIQUE LIQUIDE;T1;3
2941;FLUOROANILINES;T1;3
2942;TRIFLUOROMÉTHYL-2 ANILINE;T1;3
2943;TÉTRAHYDRO-FURFURYLAMINE;F1;3
2945;N-MÉTHYLBUTYLAMINE;FC;2
2946;AMINO-2 DIÉTHYLAMINO-5 PENTANE;T1;3
2947;CHLORACÉTATE D'ISOPROPYLE;F1;3
2948;TRIFLUOROMÉTHYL-3 ANILINE;T1;2
2949;HYDROGÉNOSULFURE DE SODIUM HYDRATÉ avec au moins 25% d'eau de cristallisation;C6;2
2950;GRANULÉS DE MAGNÉSIUM ENROBÉS d'une granulométrie d'au moins 149 microns;W2;3
2956;tert-BUTYL-5 TRINITRO-2,4,6 m-XYLÈNE (MUSC-XYLÈNE);SR1;3
2966;THIOGLYCOL;T1;2
2967;ACIDE SULFAMIQUE;C2;3
2968;MANÈBE STABILISÉ ou PRÉPARATIONS DE MANÈBE STABILISÉES contre l'auto-échauffement;W2;3
2969;FARINE DE RICIN ou GRAINES DE RICIN ou GRAINES DE RICIN EN FLOCONS ou TOURTEAUX DE RICIN;M11;2
2984;PEROXYDE D'HYDROGÈNE EN SOLUTION AQUEUSE contenant au minimum 8% mais moins de 20% de peroxyde d'hydrogène (stabilisée selon les besoins);O1;3
2989;PHOSPHITE DE PLOMB DIBASIQUE;F3;2
2989;PHOSPHITE DE PLOMB DIBASIQUE;F3;3
2990;ENGINS DE SAUVETAGE AUTOGONFLABLES;M5; 
2991;CARBAMATE PESTICIDE LIQUIDE TOXIQUE INFLAMMABLE ayant un point d'éclair égal ou supérieur à 23 °C;TF2;2
2991;CARBAMATE PESTICIDE LIQUIDE TOXIQUE INFLAMMABLE ayant un point d'éclair égal ou supérieur à 23 °C;TF2;3
2992;CARBAMATE PESTICIDE LIQUIDE TOXIQUE;T6;2
2992;CARBAMATE PESTICIDE LIQUIDE TOXIQUE;T6;3
2993;PESTICIDE ARSENICAL LIQUIDE TOXIQUE INFLAMMABLE ayant un point d'éclair égal ou supérieur à 23 °C;TF2;2
2993;PESTICIDE ARSENICAL LIQUIDE TOXIQUE INFLAMMABLE ayant un point d'éclair égal ou supérieur à 23 °C;TF2;3
2994;PESTICIDE ARSENICAL LIQUIDE TOXIQUE;T6;2
2994;PESTICIDE ARSENICAL LIQUIDE TOXIQUE;T6;3
2995;PESTICIDE ORGANOCHLORÉ LIQUIDE TOXIQUE INFLAMMABLE ayant un point d'éclair égal ou supérieur à 23 °C;TF2;2
2995;PESTICIDE ORGANOCHLORÉ LIQUIDE TOXIQUE INFLAMMABLE ayant un point d'éclair égal ou supérieur à 23 °C;TF2;3
2996;PESTICIDE ORGANOCHLORÉ LIQUIDE TOXIQUE;T6;2
2996;PESTICIDE ORGANOCHLORÉ LIQUIDE TOXIQUE;T6;3
2997;TRIAZINE PESTICIDE LIQUIDE TOXIQUE INFLAMMABLE ayant un point d'éclair égal ou supérieur à 23 °C;TF2;2
2997;TRIAZINE PESTICIDE LIQUIDE TOXIQUE INFLAMMABLE ayant un point d'éclair égal ou supérieur à 23 °C;TF2;3
2998;TRIAZINE PESTICIDE LIQUIDE TOXIQUE;T6;2
2998;TRIAZINE PESTICIDE LIQUIDE TOXIQUE;T6;3
3005;THIOCARBAMATE PESTICIDE LIQUIDE TOXIQUE INFLAMMABLE ayant un point d'éclair égal ou supérieur à 23 °C;TF2;2
3005;THIOCARBAMATE PESTICIDE LIQUIDE TOXIQUE INFLAMMABLE ayant un point d'éclair égal ou supérieur à 23 °C;TF2;3
3006;THIOCARBAMATE PESTICIDE LIQUIDE TOXIQUE;T6;2
3006;THIOCARBAMATE PESTICIDE LIQUIDE TOXIQUE;T6;3
3009;PESTICIDE CUIVRIQUE LIQUIDE TOXIQUE INFLAMMABLE ayant un point d'éclair égal ou supérieur à 23 °C;TF2;2
3009;PESTICIDE CUIVRIQUE LIQUIDE TOXIQUE INFLAMMABLE ayant un point d'éclair égal ou supérieur à 23 °C;TF2;3
3010;PESTICIDE CUIVRIQUE LIQUIDE TOXIQUE;T6;2
3010;PESTICIDE CUIVRIQUE LIQUIDE TOXIQUE;T6;3
3011;PESTICIDE MERCURIEL LIQUIDE TOXIQUE INFLAMMABLE ayant un point d'éclair égal ou supérieur à 23 °C;TF2;2
3011;PESTICIDE MERCURIEL LIQUIDE TOXIQUE INFLAMMABLE ayant un point d'éclair égal ou supérieur à 23 °C;TF2;3
3012;PESTICIDE MERCURIEL LIQUIDE TOXIQUE;T6;2
3012;PESTICIDE MERCURIEL LIQUIDE TOXIQUE;T6;3
3013;NITROPHÉNOL SUBSTITUÉ PESTICIDE LIQUIDE TOXIQUE INFLAMMABLE ayant un point d'éclair égal ou supérieur à 23 °C;TF2;2
3013;NITROPHÉNOL SUBSTITUÉ PESTICIDE LIQUIDE TOXIQUE INFLAMMABLE ayant un point d'éclair égal ou supérieur à 23 °C;TF2;3
3014;NITROPHÉNOL SUBSTITUÉ PESTICIDE LIQUIDE TOXIQUE;T6;2
3014;NITROPHÉNOL SUBSTITUÉ PESTICIDE LIQUIDE TOXIQUE;T6;3
3015;PESTICIDE BIPYRIDYLIQUE LIQUIDE TOXIQUE INFLAMMABLE ayant un point d'éclair égal ou supérieur à 23 °C;TF2;2
3015;PESTICIDE BIPYRIDYLIQUE LIQUIDE TOXIQUE INFLAMMABLE ayant un point d'éclair égal ou supérieur à 23 °C;TF2;3
3016;PESTICIDE BIPYRIDYLIQUE LIQUIDE TOXIQUE;T6;2
3016;PESTICIDE BIPYRIDYLIQUE LIQUIDE TOXIQUE;T6;3
3017;PESTICIDE ORGANOPHOSPHORÉ LIQUIDE TOXIQUE INFLAMMABLE ayant un point d'éclair égal ou supérieur à 23 °C;TF2;2
3017;PESTICIDE ORGANOPHOSPHORÉ LIQUIDE TOXIQUE INFLAMMABLE ayant un point d'éclair égal ou supérieur à 23 °C;TF2;3
3018;PESTICIDE ORGANOPHOSPHORÉ LIQUIDE TOXIQUE;T6;2
3018;PESTICIDE ORGANOPHOSPHORÉ LIQUIDE TOXIQUE;T6;3
3019;PESTICIDE ORGANOSTANNIQUE LIQUIDE TOXIQUE INFLAMMABLE ayant un point d'éclair égal ou supérieur à 23 °C;TF2;2
3019;PESTICIDE ORGANOSTANNIQUE LIQUIDE TOXIQUE INFLAMMABLE ayant un point d'éclair égal ou supérieur à 23 °C;TF2;3
3020;PESTICIDE ORGANOSTANNIQUE LIQUIDE TOXIQUE;T6;3
3020;PESTICIDE ORGANOSTANNIQUE LIQUIDE TOXIQUE;T6;2
3021;PESTICIDE LIQUIDE INFLAMMABLE TOXIQUE N.S.A. ayant un point d'éclair inférieur à 23 °C;FT2;2
3022;OXYDE DE BUTYLÈNE-12 STABILISÉ;F1;2
3024;PESTICIDE COUMARINIQUE LIQUIDE INFLAMMABLE TOXIQUE ayant un point d'éclair inférieur à 23 °C;FT2;2
3025;PESTICIDE COUMARINIQUE LIQUIDE TOXIQUE INFLAMMABLE ayant un point d'éclair égal ou supérieur à 23 °C;TF2;2
3025;PESTICIDE COUMARINIQUE LIQUIDE TOXIQUE INFLAMMABLE ayant un point d'éclair égal ou supérieur à 23 °C;TF2;3
3026;PESTICIDE COUMARINIQUE LIQUIDE TOXIQUE;T6;3
3026;PESTICIDE COUMARINIQUE LIQUIDE TOXIQUE;T6;2
3027;PESTICIDE COUMARINIQUE SOLIDE TOXIQUE;T7;2
3027;PESTICIDE COUMARINIQUE SOLIDE TOXIQUE;T7;3
3028;ACCUMULATEURS électriques SECS CONTENANT DE L'HYDROXYDE DE POTASSIUM SOLIDE;C11; 
3054;MERCAPTAN CYCLOHEXYLIQUE;F1;3
3055;(AMINO-2 ÉTHOXY)-2 ÉTHANOL;C7;3
3056;n-HEPTALDÉHYDE;F1;3
3065;BOISSONS ALCOOLISÉES contenant entre 24% et 70% d¿alcool en volume;F1;3
3065;BOISSONS ALCOOLISÉES contenant plus de 70% d'alcool en volume;F1;2
3066;PEINTURES (y compris peintures laques émaux couleurs shellac vernis cirages encaustiques enduits d'apprêt et bases liquides pour laques) ou MATIÈRES APPARENTÉES AUX PEINTURES (y compris solvants et diluants pour peintures);C9;2
3066;PEINTURES (y compris peintures laques émaux couleurs shellac vernis cirages encaustiques enduits d'apprêt et bases liquides pour laques) ou MATIÈRES APPARENTÉES AUX PEINTURES (y compris solvants et diluants pour peintures);C9;3
3070;OXYDE D'ÉTHYLÈNE ET DICHLORODIFLUORO-MÉTHANE EN MÉLANGE contenant au plus 125% d'oxyde d'éthylène;2A; 
3071;MERCAPTANS LIQUIDES TOXIQUES INFLAMMABLES N.S.A. ou MERCAPTANS EN MÉLANGE LIQUIDE TOXIQUE INFLAMMABLE N.S.A.;TF1;2
3073;VINYLPYRIDINES STABILISÉES;TFC;2
3077;MATIÈRE DANGEREUSE DU POINT DE VUE DE L'ENVIRONNEMENT SOLIDE N.S.A.;M7;3
3078;CÉRIUM copeaux ou poudre abrasive;W2;2
3080;ISOCYANATES TOXIQUES INFLAMMABLES N.S.A. ou ISOCYANATE TOXIQUE INFLAMMABLE EN SOLUTION N.S.A.;TF1;2
3082;MATIÈRE DANGEREUSE DU POINT DE VUE DE L'ENVIRONNEMENT LIQUIDE N.S.A.;M6;3
3084;SOLIDE CORROSIF COMBURANT N.S.A.;CO2;2
3085;SOLIDE COMBURANT CORROSIF N.S.A.;OC2;3
3085;SOLIDE COMBURANT CORROSIF N.S.A.;OC2;2
3086;SOLIDE TOXIQUE COMBURANT N.S.A.;TO2;2
3087;SOLIDE COMBURANT TOXIQUE N.S.A.;OT2;2
3087;SOLIDE COMBURANT TOXIQUE N.S.A.;OT2;3
3089;POUDRE MÉTALLIQUE INFLAMMABLE N.S.A.;F3;2
3089;POUDRE MÉTALLIQUE INFLAMMABLE N.S.A.;F3;3
3090;PILES AU LITHIUM MÉTAL;M4;2
3091;PILES AU LITHIUM MÉTAL CONTENUES DANS UN ÉQUIPEMENT;M4;2
3092;MÉTHOXY-1 PROPANOL-2;F1;3
3093;LIQUIDE CORROSIF COMBURANT N.S.A.;CO1;2
3094;LIQUIDE CORROSIF HYDRORÉACTIF N.S.A.;CW1;2
3095;SOLIDE CORROSIF AUTO-ÉCHAUFFANT N.S.A.;CS2;2
3096;SOLIDE CORROSIF HYDRORÉACTIF N.S.A.;CW2;2
3098;LIQUIDE COMBURANT CORROSIF N.S.A.;OC1;2
3098;LIQUIDE COMBURANT CORROSIF N.S.A.;OC1;3
3099;LIQUIDE COMBURANT TOXIQUE N.S.A.;OT1;2
3099;LIQUIDE COMBURANT TOXIQUE N.S.A.;OT1;3
3101;PEROXYDE ORGANIQUE DE TYPE B LIQUIDE;P1; 
3102;PEROXYDE ORGANIQUE DE TYPE B SOLIDE;P1; 
3103;PEROXYDE ORGANIQUE DE TYPE C LIQUIDE;P1; 
3104;PEROXYDE ORGANIQUE DE TYPE C SOLIDE;P1; 
3105;PEROXYDE ORGANIQUE DE TYPE D LIQUIDE;P1; 
3106;PEROXYDE ORGANIQUE DE TYPE D SOLIDE;P1; 
3107;PEROXYDE ORGANIQUE DE TYPE E LIQUIDE;P1; 
3108;PEROXYDE ORGANIQUE DE TYPE E SOLIDE;P1; 
3109;PEROXYDE ORGANIQUE DE TYPE F LIQUIDE;P1; 
3110;PEROXYDE ORGANIQUE DE TYPE F SOLIDE;P1; 
3122;LIQUIDE TOXIQUE COMBURANT N.S.A.;TO1;2
3123;LIQUIDE TOXIQUE HYDRORÉACTIF N.S.A.;TW1;2
3125;SOLIDE TOXIQUE HYDRORÉACTIF N.S.A.;TW2;2
3129;LIQUIDE HYDRORÉACTIF CORROSIF N.S.A.;WC1;2
3129;LIQUIDE HYDRORÉACTIF CORROSIF N.S.A.;WC1;3
3130;LIQUIDE HYDRORÉACTIF TOXIQUE N.S.A.;WT1;2
3130;LIQUIDE HYDRORÉACTIF TOXIQUE N.S.A.;WT1;3
3131;SOLIDE HYDRORÉACTIF CORROSIF N.S.A.;WC2;2
3131;SOLIDE HYDRORÉACTIF CORROSIF N.S.A.;WC2;3
3132;SOLIDE HYDRORÉACTIF INFLAMMABLE N.S.A.;WF2;2
3132;SOLIDE HYDRORÉACTIF INFLAMMABLE N.S.A.;WF2;3
3134;SOLIDE HYDRORÉACTIF TOXIQUE N.S.A.;WT2;2
3134;SOLIDE HYDRORÉACTIF TOXIQUE N.S.A.;WT2;3
3136;TRIFLUOROMÉTHANE LIQUIDE RÉFRIGÉRÉ;3A; 
3139;LIQUIDE COMBURANT N.S.A.;O1;2
3139;LIQUIDE COMBURANT N.S.A.;O1;3
3140;ALCALOÏDES LIQUIDES N.S.A. ou SELS D'ALCALOÏDES LIQUIDES N.S.A.;T1;2
3140;ALCALOÏDES LIQUIDES N.S.A. ou SELS D'ALCALOÏDES LIQUIDES N.S.A.;T1;3
3141;COMPOSÉ INORGANIQUE LIQUIDE DE L'ANTIMOINE N.S.A.;T4;3
3142;DÉSINFECTANT LIQUIDE TOXIQUE N.S.A.;T1;2
3142;DÉSINFECTANT LIQUIDE TOXIQUE N.S.A.;T1;3
3143;COLORANT SOLIDE TOXIQUE N.S.A. ou MATIÈRE INTERMÉDIAIRE SOLIDE POUR COLORANT TOXIQUE N.S.A.;T2;2
3143;COLORANT SOLIDE TOXIQUE N.S.A. ou MATIÈRE INTERMÉDIAIRE SOLIDE POUR COLORANT TOXIQUE N.S.A.;T2;3
3144;COMPOSÉ LIQUIDE DE LA NICOTINE N.S.A. ou PRÉPARATION LIQUIDE DE LA NICOTINE N.S.A.;T1;2
3144;COMPOSÉ LIQUIDE DE LA NICOTINE N.S.A. ou PRÉPARATION LIQUIDE DE LA NICOTINE N.S.A.;T1;3
3145;ALKYLPHÉNOLS LIQUIDES N.S.A. (y compris les homologues C2 à C12 );C3;2
3145;ALKYLPHÉNOLS LIQUIDES N.S.A. (y compris les homologues C2 à C12 );C3;3
3146;COMPOSÉ ORGANIQUE SOLIDE DE L'ÉTAIN N.S.A.;T3;2
3146;COMPOSÉ ORGANIQUE SOLIDE DE L'ÉTAIN N.S.A.;T3;3
3147;COLORANT SOLIDE CORROSIF N.S.A. ou MATIÈRE INTERMÉDIAIRE SOLIDE POUR COLORANT CORROSIVE N.S.A.;C10;2
3147;COLORANT SOLIDE CORROSIF N.S.A. ou MATIÈRE INTERMÉDIAIRE SOLIDE POUR COLORANT CORROSIVE N.S.A.;C10;3
3148;LIQUIDE HYDRORÉACTIF N.S.A.;W1;2
3148;LIQUIDE HYDRORÉACTIF N.S.A.;W1;3
3149;PEROXYDE D'HYDROGÈNE ET ACIDE PEROXYACÉTIQUE EN MÉLANGE avec acide(s) eau et au plus 5% d'acide peroxyacétique STABILISÉ;OC1;2
3150;PETITS APPAREILS À HYDROCARBURES GAZEUX ou RECHARGES D'HYDROCARBURES GAZEUX POUR PETITS APPAREILS avec dispositif de décharge;6F;
3151;DIPHÉNYLES POLYHALOGÉNÉS LIQUIDES ou TERPHÉNYLES POLYHALOGÉNÉS LIQUIDES;M2;2
3152;DIPHÉNYLES POLYHALOGÉNÉS SOLIDES ou TERPHÉNYLES POLYHALOGÉNÉS SOLIDES;M2;2
3155;PENTACHLOROPHÉNOL;T2;2
3158;GAZ LIQUIDE RÉFRIGÉRÉ N.S.A.;3A; 
3159;TÉTRAFLUORO-1112 ÉTHANE (GAZ RÉFRIGÉRANT R 134a);2A; 
3163;GAZ LIQUÉFIÉ N.S.A.;2A; 
3164;OBJETS SOUS PRESSION PNEUMATIQUE ou HYDRAULIQUE (contenant un gaz non inflammable);6A; 
3166;Moteur à combustion interne ou véhicule à propulsion par gaz inflammable ou véhicule à propulsion par liquide inflammable ou moteur pile à combustible contenant du gaz inflammable ou moteur pile à combustible contenant du liquide inflammable ou véhicule à propulsion par pile à combustible contenant du gaz inflammable ou véhicule à propulsion par pile à combustible contenant du liquide inflammable.;M11;
3170;SOUS-PRODUITS DE LA FABRICATION DE L'ALUMINIUM ou SOUS-PRODUITS DE LA REFUSION DE L'ALUMINIUM;W2;2
3170;SOUS-PRODUITS DE LA FABRICATION DE L'ALUMINIUM ou SOUS-PRODUITS DE LA REFUSION DE L'ALUMINIUM;W2;3
3172;TOXINES EXTRAITES D'ORGANISMES VIVANTS LIQUIDES N.S.A.;T1;2
3172;TOXINES EXTRAITES D'ORGANISMES VIVANTS LIQUIDES N.S.A.;T1;3
3175;SOLIDES ou mélanges de solides CONTENANT DU LIQUIDE INFLAMMABLE ayant un point d'éclair inférieur ou égal à 60 °C (tels que préparations et déchets) N.S.A.;F1;2
3178;SOLIDE INORGANIQUE INFLAMMABLE N.S.A.;F3;2
3178;SOLIDE INORGANIQUE INFLAMMABLE N.S.A.;F3;3
3179;SOLIDE INORGANIQUE INFLAMMABLE TOXIQUE N.S.A.;FT2;2
3179;SOLIDE INORGANIQUE INFLAMMABLE TOXIQUE N.S.A.;FT2;3
3180;SOLIDE INORGANIQUE INFLAMMABLE CORROSIF N.S.A.;FC2;2
3180;SOLIDE INORGANIQUE INFLAMMABLE CORROSIF N.S.A.;FC2;3
3181;SELS MÉTALLIQUES DE COMPOSÉS ORGANIQUES INFLAMMABLES N.S.A.;F3;2
3181;SELS MÉTALLIQUES DE COMPOSÉS ORGANIQUES INFLAMMABLES N.S.A.;F3;3
3182;HYDRURES MÉTALLIQUES INFLAMMABLES N.S.A.;F3;2
3182;HYDRURES MÉTALLIQUES INFLAMMABLES N.S.A.;F3;3
3208;MATIÈRE MÉTALLIQUE HYDRORÉACTIVE N.S.A.;W2;2
3208;MATIÈRE MÉTALLIQUE HYDRORÉACTIVE N.S.A.;W2;3
3210;CHLORATES INORGANIQUES EN SOLUTION AQUEUSE N.S.A.;O1;2
3210;CHLORATES INORGANIQUES EN SOLUTION AQUEUSE N.S.A.;O1;3
3211;PERCHLORATES INORGANIQUES EN SOLUTION AQUEUSE N.S.A.;O1;2
3211;PERCHLORATES INORGANIQUES EN SOLUTION AQUEUSE N.S.A.;O1;3
3212;HYPOCHLORITES INORGANIQUES N.S.A.;O2;2
3213;BROMATES INORGANIQUES EN SOLUTION AQUEUSE N.S.A.;O1;2
3213;BROMATES INORGANIQUES EN SOLUTION AQUEUSE N.S.A.;O1;3
3214;PERMANGANATES INORGANIQUES EN SOLUTION AQUEUSE N.S.A.;O1;2
3215;PERSULFATES INORGANIQUES N.S.A.;O2;3
3216;PERSULFATES INORGANIQUES EN SOLUTION AQUEUSE N.S.A.;O1;3
3218;NITRATES INORGANIQUES EN SOLUTION AQUEUSE N.S.A.;O1;2
3218;NITRATES INORGANIQUES EN SOLUTION AQUEUSE N.S.A.;O1;3
3219;NITRITES INORGANIQUES EN SOLUTION AQUEUSE N.S.A.;O1;2
3219;NITRITES INORGANIQUES EN SOLUTION AQUEUSE N.S.A.;O1;3
3220;PENTAFLUORÉTHANE (GAZ RÉFRIGÉRANT R 125);2A; 
3221;LIQUIDE AUTORÉACTIF DU TYPE B;SR1; 
3222;SOLIDE AUTORÉACTIF DU TYPE B;SR1; 
3223;LIQUIDE AUTORÉACTIF DU TYPE C;SR1; 
3224;SOLIDE AUTORÉACTIF DU TYPE C;SR1; 
3225;LIQUIDE AUTORÉACTIF DU TYPE D;SR1; 
3226;SOLIDE AUTORÉACTIF DU TYPE D;SR1; 
3227;LIQUIDE AUTORÉACTIF DU TYPE E;SR1; 
3228;SOLIDE AUTORÉACTIF DU TYPE E;SR1; 
3229;LIQUIDE AUTORÉACTIF DU TYPE F;SR1; 
3230;SOLIDE AUTORÉACTIF DU TYPE F;SR1; 
3241;BROMO-2 NITRO-2 PROPANEDIOL-13;SR1;3
3242;AZODICARBONAMIDE;SR1;2
3243;SOLIDES CONTENANT DU LIQUIDE TOXIQUE N.S.A.;T9;2
3244;SOLIDES CONTENANT DU LIQUIDE CORROSIF N.S.A.;C10;2
3247;PEROXOBORATE DE SODIUM ANHYDRE;O2;2
3248;MÉDICAMENT LIQUIDE INFLAMMABLE TOXIQUE N.S.A.;FT1;2
3248;MÉDICAMENT LIQUIDE INFLAMMABLE TOXIQUE N.S.A.;FT1;3
3249;MÉDICAMENT SOLIDE TOXIQUE N.S.A.;T2;2
3249;MÉDICAMENT SOLIDE TOXIQUE N.S.A.;T2;3
3251;MONONITRATE-5 D'ISOSORBIDE;SR1;3
3253;TRIOXOSILICATE DE DISODIUM;C6;3
3259;AMINES SOLIDES CORROSIVES N.S.A. ou POLYAMINES SOLIDES CORROSIVES N.S.A.;C8;2
3259;AMINES SOLIDES CORROSIVES N.S.A. ou POLYAMINES SOLIDES CORROSIVES N.S.A.;C8;3
3260;SOLIDE INORGANIQUE CORROSIF ACIDE N.S.A.;C2;2
3260;SOLIDE INORGANIQUE CORROSIF ACIDE N.S.A.;C2;3
3261;SOLIDE ORGANIQUE CORROSIF ACIDE N.S.A.;C4;2
3261;SOLIDE ORGANIQUE CORROSIF ACIDE N.S.A.;C4;3
3262;SOLIDE INORGANIQUE CORROSIF BASIQUE N.S.A.;C6;2
3262;SOLIDE INORGANIQUE CORROSIF BASIQUE N.S.A.;C6;3
3263;SOLIDE ORGANIQUE CORROSIF BASIQUE N.S.A.;C8;2
3263;SOLIDE ORGANIQUE CORROSIF BASIQUE N.S.A.;C8;3
3264;LIQUIDE INORGANIQUE CORROSIF ACIDE N.S.A.;C1;3
3264;LIQUIDE INORGANIQUE CORROSIF ACIDE N.S.A.;C1;2
3265;LIQUIDE ORGANIQUE CORROSIF ACIDE N.S.A.;C3;2
3265;LIQUIDE ORGANIQUE CORROSIF ACIDE N.S.A.;C3;3
3266;LIQUIDE INORGANIQUE CORROSIF BASIQUE N.S.A.;C5;2
3266;LIQUIDE INORGANIQUE CORROSIF BASIQUE N.S.A.;C5;3
3267;LIQUIDE ORGANIQUE CORROSIF BASIQUE N.S.A.;C7;2
3267;LIQUIDE ORGANIQUE CORROSIF BASIQUE N.S.A.;C7;3
3269;TROUSSES DE RÉSINE POLYESTER;F1;2
3269;TROUSSES DE RÉSINE POLYESTER;F1;3
3270;MEMBRANES FILTRANTES EN NITROCELLULOSE d'une teneur en azote ne dépassant pas 126% (rapportée à la masse sèche);F1;2
3271;ÉTHERS N.S.A.;F1;2
3271;ÉTHERS N.S.A.;F1;3
3272;ESTERS N.S.A.;F1;2
3272;ESTERS N.S.A.;F1;3
3273;NITRILES INFLAMMABLES TOXIQUES N.S.A.;FT1;2
3274;ALCOOLATES EN SOLUTION dans l'alcool N.S.A.;FC;2
3275;NITRILES TOXIQUES INFLAMMABLES N.S.A.;TF1;2
3276;NITRILES TOXIQUES LIQUIDES N.S.A.;T1;2
3276;NITRILES TOXIQUES LIQUIDES N.S.A.;T1;3
3277;CHLOROFORMIATES TOXIQUES CORROSIFS N.S.A.;TC1;2
3278;COMPOSÉ ORGANOPHOSPHORÉ TOXIQUE LIQUIDE N.S.A.;T1;2
3278;COMPOSÉ ORGANOPHOSPHORÉ TOXIQUE LIQUIDE N.S.A.;T1;3
3279;COMPOSÉ ORGANOPHOSPHORÉ TOXIQUE INFLAMMABLE N.S.A.;TF1;2
3280;COMPOSÉ ORGANIQUE DE L'ARSENIC LIQUIDE N.S.A.;T3;2
3280;COMPOSÉ ORGANIQUE DE L'ARSENIC LIQUIDE N.S.A.;T3;3
3281;MÉTAUX-CARBONYLES LIQUIDES N.S.A. ;T3;2
3281;MÉTAUX-CARBONYLES LIQUIDES N.S.A. ;T3;3
3282;COMPOSÉ ORGANOMÉTALLIQUE TOXIQUE LIQUIDE N.S.A.;T3;2
3282;COMPOSÉ ORGANOMÉTALLIQUE TOXIQUE LIQUIDE N.S.A.;T3;3
3283;COMPOSÉ DU SÉLÉNIUM SOLIDE N.S.A.;T5;2
3283;COMPOSÉ DU SÉLÉNIUM SOLIDE N.S.A.;T5;3
3284;COMPOSÉ DU TELLURE N.S.A.;T5;2
3284;COMPOSÉ DU TELLURE N.S.A.;T5;3
3285;COMPOSÉ DU VANADIUM N.S.A.;T5;2
3285;COMPOSÉ DU VANADIUM N.S.A.;T5;3
3286;LIQUIDE INFLAMMABLE TOXIQUE CORROSIF N.S.A.;FTC;2
3287;LIQUIDE INORGANIQUE TOXIQUE N.S.A.;T4;2
3287;LIQUIDE INORGANIQUE TOXIQUE N.S.A.;T4;3
3288;SOLIDE INORGANIQUE TOXIQUE N.S.A.;T5;2
3288;SOLIDE INORGANIQUE TOXIQUE N.S.A.;T5;3
3289;LIQUIDE INORGANIQUE TOXIQUE CORROSIF N.S.A.;TC3;2
3290;SOLIDE INORGANIQUE TOXIQUE CORROSIF N.S.A.;TC4;2
3293;HYDRAZINE EN SOLUTION AQUEUSE avec au plus 37% (masse) d'hydrazine;T4;3
3295;HYDROCARBURES LIQUIDES N.S.A.;F1;1
3295;HYDROCARBURES LIQUIDES N.S.A.;F1;3
3295;HYDROCARBURES LIQUIDES N.S.A. (pression de vapeur à 50 °C inférieure ou égale à 110 kPa);F1;2
3295;HYDROCARBURES LIQUIDES N.S.A. (pression de vapeur à 50 °C supérieure à 110 kPa);F1;2
3296;HEPTAFLUOROPROPANE (GAZ RÉFRIGÉRANT R 227);2A; 
3297;OXYDE D'ÉTHYLÈNE ET CHLOROTÉTRAFLUOR-ÉTHANE EN MÉLANGE contenant au plus 88% d'oxyde d'éthylène;2A; 
3298;OXYDE D'ÉTHYLÈNE ET PENTAFLUORÉTHANE EN MÉLANGE contenant au plus 79% d'oxyde d'éthylène;2A; 
3299;OXYDE D'ÉTHYLÈNE ET TÉTRAFLUORÉTHANE EN MÉLANGE contenant au plus 56% d'oxyde d'éthylène;2A; 
3302;ACRYLATE DE 2-DIMÉTHYLAMINOÉTHYLE;T1;2
3314;MATIÈRE PLASTIQUE POUR MOULAGE en pâte en feuille ou en cordon extrudé dégageant des vapeurs inflammables;M3;3
3316;TROUSSE CHIMIQUE ou TROUSSE DE PREMIER SECOURS;M11;2
3316;TROUSSE CHIMIQUE ou TROUSSE DE PREMIER SECOURS;M11;3
3320;BOROHYDRURE DE SODIUM ET HYDROXYDE DE SODIUM EN SOLUTION contenant au plus 12% (masse) de borohydrure de sodium et au plus 40% (masse) d'hydroxyde de sodium;C5;2
3320;BOROHYDRURE DE SODIUM ET HYDROXYDE DE SODIUM EN SOLUTION contenant au plus 12% (masse) de borohydrure de sodium et au plus 40% (masse) d'hydroxyde de sodium;C5;3
3334;Matière liquide réglementée pour l'aviation n.s.a.;M11;
3335;Matière solide réglementée pour l'aviation n.s.a.;M11;
3336;MERCAPTANS LIQUIDES INFLAMMABLES N.S.A. ou MERCAPTANS EN MÉLANGE LIQUIDE INFLAMMABLE N.S.A.;F1;3
3336;MERCAPTANS LIQUIDES INFLAMMABLES N.S.A. OU MERCAPTANS EN MÉLANGE LIQUIDE INFLAMMABLE N.S.A. (pression de vapeur à 50 °C inférieure ou égale à 110 kPa);F1;2
3336;MERCAPTANS LIQUIDES INFLAMMABLES N.S.A. OU MERCAPTANS EN MÉLANGE LIQUIDE INFLAMMABLE N.S.A. (pression de vapeur à 50 °C supérieure à 110 kPa);F1;2
3337;GAZ RÉFRIGÉRANT R 404A (pentafluoréthane, trifluoro-1,1,1 éthane et tétrafluoro-1,1,1,2 éthane, en mélange zéotropique avec environ 44% de pentafluoréthane et 52% de trifluoro,1,1,1 éthane);2A; 
3338;GAZ RÉFRIGÉRANT R 407A (difluorométhane, pentafluoréthane et tétrafluoro-1,1,1,2 éthane, en mélange zéotropique avec environ 20% de difluorométhane et 40% de pentafluoréthane);2A; 
3339;GAZ RÉFRIGÉRANT R 407B (difluorométhane, pentafluoréthane et tétrafluoro-1,1,1,2 éthane, en mélange zéotropique avec environ 10% de difluorométhane et 70% de pentafluoréthane);2A; 
3340;GAZ RÉFRIGÉRANT R 407C (difluorométhane, pentafluoréthane et tétrafluoro-1,1,1,2 éthane, en mélange zéotropique avec environ 23% de difluorométhane et 25% de pentafluoréthane);2A; 
3345;ACIDE PHÉNOXYACÉTIQUE DÉRIVÉ PESTICIDE SOLIDE TOXIQUE;T7;2
3345;ACIDE PHÉNOXYACÉTIQUE DÉRIVÉ PESTICIDE SOLIDE TOXIQUE;T7;3
3346;ACIDE PHÉNOXYACÉTIQUE DÉRIVÉ PESTICIDE LIQUIDE INFLAMMABLE TOXIQUE ayant un point d'éclair inférieur à 23 °C;FT2;2
3347;ACIDE PHÉNOXYACÉTIQUE DÉRIVÉ PESTICIDE LIQUIDE TOXIQUE INFLAMMABLE ayant un point d'éclair égal ou supérieur à 23 °C;TF2;2
3347;ACIDE PHÉNOXYACÉTIQUE DÉRIVÉ PESTICIDE LIQUIDE TOXIQUE INFLAMMABLE ayant un point d'éclair égal ou supérieur à 23 °C;TF2;3
3348;ACIDE PHÉNOXYACÉTIQUE DÉRIVÉ PESTICIDE LIQUIDE TOXIQUE;T6;2
3348;ACIDE PHÉNOXYACÉTIQUE DÉRIVÉ PESTICIDE LIQUIDE TOXIQUE;T6;3
3349;PYRÉTHROÏDE PESTICIDE SOLIDE TOXIQUE;T7;2
3349;PYRÉTHROÏDE PESTICIDE SOLIDE TOXIQUE;T7;3
3350;PYRÉTHROÏDE PESTICIDE LIQUIDE INFLAMMABLE TOXIQUE ayant un point d'éclair inférieur à 23 °C;FT2;2
3351;PYRÉTHROÏDE PESTICIDE LIQUIDE TOXIQUE INFLAMMABLE ayant un point d'éclair égal ou supérieur à 23 °C;TF2;2
3351;PYRÉTHROÏDE PESTICIDE LIQUIDE TOXIQUE INFLAMMABLE ayant un point d'éclair égal ou supérieur à 23 °C;TF2;3
3352;PYRÉTHROÏDE PESTICIDE LIQUIDE TOXIQUE;T6;2
3352;PYRÉTHROÏDE PESTICIDE LIQUIDE TOXIQUE;T6;3
3359;ENGIN DE TRANSPORT SOUS FUMIGATION;M11; 
3363;Marchandises dangereuses contenues dans des machines ou marchandises dangereuses contenues dans des appareils;M11;
3371;2-MÉTHYLBUTANAL;F1;2
3377;PERBORATE DE SODIUM MONOHYDRATÉ;O2;3
3378;CARBONATE DE SODIUM PEROXYHYDRATÉ;O2;2
3378;CARBONATE DE SODIUM PEROXYHYDRATÉ;O2;3
3395;MATIÈRE ORGANO-MÉTALLIQUE SOLIDE HYDRORÉACTIVE;W2;2
3395;MATIÈRE ORGANO-MÉTALLIQUE SOLIDE HYDRORÉACTIVE;W2;3
3396;MATIÈRE ORGANO-MÉTALLIQUE SOLIDE HYDRORÉACTIVE INFLAMMABLE;WF2;2
3396;MATIÈRE ORGANO-MÉTALLIQUE SOLIDE HYDRORÉACTIVE INFLAMMABLE;WF2;3
3397;MATIÈRE ORGANO-MÉTALLIQUE SOLIDE HYDRORÉACTIVE AUTO-ÉCHAUFFANTE;WS;2
3397;MATIÈRE ORGANO-MÉTALLIQUE SOLIDE HYDRORÉACTIVE AUTO-ÉCHAUFFANTE;WS;3
3398;MATIÈRE ORGANO-MÉTALLIQUE LIQUIDE HYDRORÉACTIVE;W1;2
3398;MATIÈRE ORGANO-MÉTALLIQUE LIQUIDE HYDRORÉACTIVE;W1;3
3399;MATIÈRE ORGANO-MÉTALLIQUE LIQUIDE HYDRORÉACTIVE INFLAMMABLE;WF1;2
3399;MATIÈRE ORGANO-MÉTALLIQUE LIQUIDE HYDRORÉACTIVE INFLAMMABLE;WF1;3
3400;MATIÈRE ORGANO-MÉTALLIQUE SOLIDE AUTO-ÉCHAUFFANTE;S5;2
3400;MATIÈRE ORGANO-MÉTALLIQUE SOLIDE AUTO-ÉCHAUFFANTE;S5;3
3405;CHLORATE DE BARYUM EN SOLUTION;OT1;2
3405;CHLORATE DE BARYUM EN SOLUTION;OT1;3
3406;PERCHLORATE DE BARYUM EN SOLUTION;OT1;2
3406;PERCHLORATE DE BARYUM EN SOLUTION;OT1;3
3407;CHLORATE ET CHLORURE DE MAGNÉSIUM EN MÉLANGE EN SOLUTION;O1;2
3407;CHLORATE ET CHLORURE DE MAGNÉSIUM EN MÉLANGE EN SOLUTION;O1;3
3408;PERCHLORATE DE PLOMB EN SOLUTION;OT1;2
3408;PERCHLORATE DE PLOMB EN SOLUTION;OT1;3
3409;CHLORONITRO-BENZÈNES LIQUIDES;T1;2
3410;CHLORHYDRATE DE CHLORO-4 o-TOLUIDINE EN SOLUTION;T1;3
3411;bêta-NAPHTHYLAMINE EN SOLUTION;T1;2
3411;bêta-NAPHTHYLAMINE EN SOLUTION;T1;3
3412;ACIDE FORMIQUE contenant au moins 10% et au plus 85% (masse) d'acide;C3;2
3412;ACIDE FORMIQUE contenant au moins 5% mais moins de 10% (masse) d'acide;C3;3
3413;CYANURE DE POTASSIUM EN SOLUTION;T4;2
3413;CYANURE DE POTASSIUM EN SOLUTION;T4;3
3414;CYANURE DE SODIUM EN SOLUTION;T4;2
3414;CYANURE DE SODIUM EN SOLUTION;T4;3
3415;FLUORURE DE SODIUM EN SOLUTION;T4;3
3418;m-TOLUYLÈNEDIAMINE EN SOLUTION;T1;3
3419;COMPLEXE DE TRIFLUORURE DE BORE ET D'ACIDE ACÉTIQUE SOLIDE;C4;2
3420;COMPLEXE DE TRIFLUORURE DE BORE ET D'ACIDE PROPIONIQUE SOLIDE;C4;2
3421;HYDROGÉNO-DIFLUORURE DE POTASSIUM EN SOLUTION;CT1;2
3421;HYDROGÉNO-DIFLUORURE DE POTASSIUM EN SOLUTION;CT1;3
3422;FLUORURE DE POTASSIUM EN SOLUTION;T4;3
3423;HYDROXYDE DE TÉTRAMÉTHYL-AMMONIUM SOLIDE;C8;2
3424;DINITRO-o-CRÉSATE D'AMMONIUM EN SOLUTION;T1;2
3424;DINITRO-o-CRÉSATE D'AMMONIUM EN SOLUTION;T1;3
3425;ACIDE BROMACÉTIQUE SOLIDE;C4;2
3426;ACRYLAMIDE EN SOLUTION;T1;3
3427;CHLORURES DE CHLOROBENZYLE SOLIDES;T2;3
3428;ISOCYANATE DE CHLORO-3 MÉTHYL-4 PHÉNYLE SOLIDE;T2;2
3429;CHLOROTOLUIDINES LIQUIDES;T1;3
3430;XYLÉNOLS LIQUIDES;T1;2
3431;FLUORURES DE NITROBENZYLIDYNE SOLIDES;T2;2
3432;DIPHÉNYLES POLYCHLORÉS SOLIDES;M2;2
3434;NITROCRÉSOLS LIQUIDES;T1;3
3436;HYDRATE D'HEXA-FLUORACÉTONE SOLIDE;T2;2
3437;CHLOROCRÉSOLS SOLIDES;T2;2
3438;ALCOOL alpha-MÉTHYL-BENZYLIQUE SOLIDE;T2;3
3439;NITRILES TOXIQUES SOLIDES N.S.A.;T2;2
3439;NITRILES TOXIQUES SOLIDES N.S.A.;T2;3
3440;COMPOSÉ DU SÉLÉNIUM LIQUIDE N.S.A;T4;2
3440;COMPOSÉ DU SÉLÉNIUM LIQUIDE N.S.A;T4;3
3441;CHLORODINITRO-BENZÈNES SOLIDES;T2;2
3442;DICHLORANILINES SOLIDES;T2;2
3443;DINITROBENZÈNES SOLIDES;T2;2
3444;CHLORHYDRATE DE NICOTINE SOLIDE;T2;2
3445;SULFATE DE NICOTINE SOLIDE;T2;2
3446;NITROTOLUÈNES SOLIDES;T2;2
3447;NITROXYLÈNES SOLIDES;T2;2
3451;TOLUIDINES SOLIDES;T2;2
3452;XYLIDINES SOLIDES;T2;2
3453;ACIDE PHOSPHORIQUE SOLIDE;C2;3
3454;DINITROTOLUÈNES SOLIDES;T2;2
3455;CRÉSOLS SOLIDES;TC2;2
3456;HYDROGÉNOSULFATE DE NITROSYLE SOLIDE;C2;2
3457;CHLORONITRO-TOLUÈNES SOLIDES;T2;3
3458;NITRANISOLES SOLIDES;T2;3
3459;NITROBROMOBENZÈNES SOLIDES;T2;3
3460;N-ÉTHYLBENZYL-TOLUIDINES SOLIDES;T2;3
3462;TOXINES EXTRAITES D'ORGANISMES VIVANTS SOLIDES N.S.A.;T2;2
3462;TOXINES EXTRAITES D'ORGANISMES VIVANTS SOLIDES N.S.A.;T2;3
3463;ACIDE PROPIONIQUE contenant au moins 90% (masse) d'acide;CF1;2
3464;COMPOSÉ ORGANOPHOSPHORÉ TOXIQUE SOLIDE N.S.A.;T2;2
3464;COMPOSÉ ORGANOPHOSPHORÉ TOXIQUE SOLIDE N.S.A.;T2;3
3465;COMPOSÉ ORGANIQUE DE L'ARSENIC SOLIDE N.S.A.;T3;2
3465;COMPOSÉ ORGANIQUE DE L'ARSENIC SOLIDE N.S.A.;T3;3
3466;MÉTAUX-CARBONYLES SOLIDES N.S.A. ;T3;2
3466;MÉTAUX-CARBONYLES SOLIDES N.S.A. ;T3;3
3467;COMPOSÉ ORGANOMÉTALLIQUE TOXIQUE SOLIDE N.S.A.;T3;2
3467;COMPOSÉ ORGANOMÉTALLIQUE TOXIQUE SOLIDE N.S.A.;T3;3
3469;PEINTURES INFLAMMABLES CORROSIVES (y compris peintures laques émaux couleurs shellac vernis cirages encaustiques enduits d'apprêt et bases liquides pour laques) ou MATIÈRES APPARENTÉES AUX PEINTURES INFLAMMABLES CORROSIVES (y compris solvants et diluants pour peintures) ;FC;2
3469;PEINTURES INFLAMMABLES CORROSIVES (y compris peintures laques émaux couleurs shellac vernis cirages encaustiques enduits d'apprêt et bases liquides pour laques) ou MATIÈRES APPARENTÉES AUX PEINTURES INFLAMMABLES CORROSIVES (y compris solvants et diluants pour peintures) ;FC;3
3470;PEINTURES CORROSIVES INFLAMMABLES (y compris peintures laques émaux couleurs shellac vernis cirages encaustiques enduits d'apprêt et bases liquides pour laques) ou MATIÈRES APPARENTÉES AUX PEINTURES CORROSIVES INFLAMMABLES (y compris solvants et diluants pour peintures) ;CF1;2
3471;HYDROGÉNODIFLUORU-RES EN SOLUTION N.S.A.;CT1;2
3471;HYDROGÉNODIFLUORU-RES EN SOLUTION N.S.A.;CT1;3
3472;ACIDE CROTONIQUE LIQUIDE;C3;3
3473;CARTOUCHES POUR PILE À COMBUSTIBLE ou CARTOUCHES POUR PILE À COMBUSTIBLE CONTENUES DANS UN ÉQUIPEMENT ou CARTOUCHES POUR PILE À COMBUSTIBLE EMBALLÉES AVEC UN ÉQUIPEMENT contenant des liquides inflammables;F1; 
3475;MÉLANGE D¿ÉTHANOL ET D¿ESSENCE contenant plus de 10% d¿éthanol;F1;2
3476;CARTOUCHES POUR PILE À COMBUSTIBLE ou CARTOUCHES POUR PILE À COMBUSTIBLE CONTENUES DANS UN ÉQUIPEMENT ou CARTOUCHES POUR PILE À COMBUSTIBLE EMBALLÉES AVEC UN ÉQUIPEMENT contenant des matières hydroréactives;W3; 
3477;CARTOUCHES POUR PILE À COMBUSTIBLE ou CARTOUCHES POUR PILE À COMBUSTIBLE CONTENUES DANS UN ÉQUIPEMENT ou CARTOUCHES POUR PILE À COMBUSTIBLE EMBALLÉES AVEC UN ÉQUIPEMENT contenant des matières corrosives;C11; 
3478;CARTOUCHES POUR PILE À COMBUSTIBLE ou CARTOUCHES POUR PILE À COMBUSTIBLE CONTENUES DANS UN ÉQUIPEMENT ou CARTOUCHES POUR PILE À COMBUSTIBLE EMBALLÉES AVEC UN ÉQUIPEMENT contenant un gaz liquéfié inflammable ;6F; 
3479;CARTOUCHES POUR PILE À COMBUSTIBLE ou CARTOUCHES POUR PILE À COMBUSTIBLE CONTENUES DANS UN ÉQUIPEMENT ou CARTOUCHES POUR PILE À COMBUSTIBLE EMBALLÉES AVEC UN ÉQUIPEMENT contenant de l'hydrogène dans un hydrure métallique;6F; 
3480;PILES AU LITHIUM IONIQUE (y compris les piles au lithium ionique à membrane polymère);M4;
3481;PILES AU LITHIUM IONIQUE CONTENUES DANS UN ÉQUIPEMENT;M4;
3485;HYPOCHLORITE DE CALCIUM SEC CORROSIF ou HYPOCHLORITE DE CALCIUM EN MÉLANGE SEC CORROSIF contenant plus de 39% de chlore actif (88% d¿oxygène actif);OC2;2
3486;HYPOCHLORITE DE CALCIUM EN MÉLANGE SEC CORROSIF contenant plus de 10% mais 39% au maximum de chlore actif;OC2;3
3487;HYPOCHLORITE DE CALCIUM HYDRATÉ CORROSIF ou HYPOCHLORITE DE CALCIUM EN MÉLANGE HYDRATÉ CORROSIF avec au moins 55% mais au plus 16% d¿eau;OC2;2
3487;HYPOCHLORITE DE CALCIUM HYDRATÉ CORROSIF ou HYPOCHLORITE DE CALCIUM EN MÉLANGE HYDRATÉ CORROSIF avec au moins 55% mais au plus 16% d¿eau;OC2;3
3494;PÉTROLE BRUT ACIDE INFLAMMABLE TOXIQUE;FT1;2
3494;PÉTROLE BRUT ACIDE INFLAMMABLE TOXIQUE;FT1;3
3495;IODE;CT2;3
3496;Piles au nickel-hydrure métallique;M11;
3498;MONOCHLORURE D'IODE LIQUIDE;8;2
3506;MERCURE CONTENU DANS DES OBJETS MANUFACTURES;CT3;
